he_was,13
when_he,11
she_was,10
no_more,9
by_saint,9
he_says,8
more_than,7
she_says,7
old_woman,7
if_he,7
brother_denise,7
he_took,6
do_not,6
he_said,6
who_was,6
he_went,6
he_had,6
by_his,6
her_she,6
by_god,5
when_they,5
had_been,5
her_heart,5
priest_says,5
just_as,5
he_will,5
give_her,5
priest_who,5
at_all,5
drink_wine,5
his_wife,5
priest_had,5
priest_was,5
as_soon,5
soon_as,5
who_had,5
brother_simon,5
as_well,5
was_so,5
he'd_give,4
as_she,4
saint_peter,4
then_he,4
no_one,4
her_way,4
as_he,4
she_has,4
from_her,4
bishop_says,4
they_had,4
old_womans,4
he_would,4
she_will,4
upon_her,4
tells_him,4
madame_menhould,4
by_her,4
fifteen_pounds,4
his_arms,4
madame_mahauld,4
he_could,4
he_knew,4
may_god,4
i'll_tell,3
told_her,3
says_priest,3
tells_us,3
where_he,3
so_help,3
at_last,3
his_hand,3
did_not,3
had_gone,3
girl_who,3
down_by,3
there's_no,3
old_girl,3
he_wont,3
made_her,3
think_what,3
help_god,3
have_no,3
her_head,3
as_they,3
he'd_have,3
he_spent,3
word_about,3
have_her,3
he_came,3
i've_made,3
no_longer,3
he_looked,3
all_he,3
her_her,3
he_must,3
her_his,3
her_mother,3
what_you've,3
some_time,3
when_he'd,3
whom_he,3
what_she,3
dine_goose,3
him_as,3
her_he,3
it's_time,3
him_he,3
she_had,3
he_has,3
so_he,3
he'd_been,3
away_from,3
her_son,3
20_she,3
well_bred,3
how_he,3
before_bishop,3
he_gave,3
back_home,3
his_pleasure,3
at_his,3
see_him,3
there_were,3
has_come,3
he_wanted,3
heard_him,3
stretched_out,3
was_her,3
has_her,3
place_he,3
womans_son,2
as_much,2
one_whom,2
lady_he,2
knew_who,2
saint_paul,2
but_he,2
woman_too,2
no_matter,2
his_clerk,2
she_knew,2
if_it's,2
take_this,2
curtains_which,2
who_does,2
went_straight,2
bishop_made,2
he_takes,2
menhould_has,2
this_fabliau,2
he_did,2
her_side,2
priest_replies,2
could_not,2
her_away,2
he_summoned,2
his_will,2
as_priest,2
his_own,2
her_daughter,2
she_were,2
his_mother,2
she_answers,2
what_they'd,2
him_get,2
time_all,2
say_word,2
not_so,2
up_he,2
taken_his,2
says_no,2
around_her,2
one_night,2
takes_her,2
found_his,2
made_by,2
by_hand,2
takes_leave,2
they_would,2
bed_behind,2
what_would,2
all_people,2
but_she,2
led_life,2
her_hand,2
now_mean,2
was_large,2
by_faith,2
all_her,2
her_but,2
saint_dennis,2
do_what,2
his_side,2
got_her,2
as_have,2
this_priest,2
woman_who,2
upon_soul,2
says_he,2
will_not,2
gone_by,2
ease_her,2
not_have,2
he_found,2
her_maid,2
behind_bed,2
as_god,2
before_he,2
one_his,2
lady_friend,2
while_he,2
have_been,2
cut_her,2
he_meant,2
sold_him,2
tell_what,2
more_by,2
about_all,2
from_home,2
or_have,2
i'd_not,2
because_one,2
arms_stretched,2
they_didnt,2
any_man,2
should_go,2
priest_said,2
this_fashion,2
not_least,2
their_fine,2
just_penny,2
everything_he,2
55_he,2
i'll_make,2
master_carver,2
you've_brought,2
cut_off,2
took_his,2
do_right,2
what_more,2
he_left,2
was_when,2
his_heels,2
but_wont,2
daughter_marian,2
said_who,2
they_were,2
has_set,2
made_out,2
alison_by,2
take_away,2
if_could,2
who_turned,2
her_as,2
does_not,2
come_into,2
his_place,2
he_asked,2
what_had,2
tell_how,2
tells_her,2
night_he,2
from_this,2
go_back,2
says_i'll,2
tell_plain,2
from_him,2
fat_goose,2
was_she,2
son_appear,2
eyes_her,2
he_answers,2
bed_curtains,2
good_brother,2
her_more,2
not_word,2
him_by,2
no_time,2
he_may,2
given_her,2
now_lady,2
now_by,2
right_by,2
by_him,2
down_bit,2
our_lord,2
do_now,2
was_fair,2
faith_owe,2
much_as,2
her_bed,2
bishop_had,2
i'll_go,2
her_blond,2
left_his,2
not_get,2
sire_priest,2
who_made,2
denise_was,2
long_time,2
saint_cyr,2
went_back,2
he_made,2
lady_said,2
his_way,2
i'll_lay,2
life_way,2
fur_cape,2
give_permission,2
as_trust,2
where_he's,2
there_he,2
have_here,2
her_husband,2
there_was,2
may_not,2
other_said,2
wanted_have,2
out_door,2
he_wishes,2
her_who,2
20_he,2
would_pay,2
have_his,2
had_sold,2
could_see,2
not_fail,2
as_if,2
which_was,2
hercelot_who,2
seeing_he,2
he_swears,2
man_who,2
than_any,2
now_take,2
their_way,2
pounds_sterling,2
them_as,2
he_lifts,2
no_other,2
right_hand,2
55_no,2
where_she,2
then_left,2
take_him,2
was_marian,2
out_house,2
his_dress,2
see_what,2
bishop_who,2
cunt_he,2
sign_cross,2
just_then,2
took_care,2
his_vestments,2
as_her,2
her_so,2
was_alison,2
each_other,2
saint_francis,2
wife_who,2
dragged_him,2
his_passion,2
all_right,2
beyond_endurance,2
very_often,2
make_sure,2
back_down,2
him_when,2
no_lady's,2
said_him,2
tenderly_cared,2
she'd_been,2
he'll_give,2
all_women,2
let_him,2
nor_cares,2
do_anything,2
home_where,2
why_should,2
all_this,2
he_cannot,2
without_delay,2
find_out,2
mother_who,2
which_he,2
hear_what,2
so_may,2
bishop's_court,2
out_sight,2
no_need,2
good_man,2
them_what,2
as_his,2
when_she,2
gulp_down,2
he_spied,2
her_daughter's,2
have_had,2
whose_heart,2
her_clothes,2
no_word,2
her_twelfth,2
go_get,2
our_order,2
sweet_girl,2
when_he's,2
this_man,2
he_can,2
cannot_wait,2
you'll_have,2
wont_do,2
her_cunt,2
made_him,2
can_help,2
he_quickly,2
this_earth,2
merchant_womans,2
she_tells,2
as_someone,2
will_give,2
so_he'd,2
he'll_have,2
said_her,2
do_think,2
his_habit,2
looked_them,2
well_he,2
miss_denise,2
mahauld_who,2
womans_daughter,2
can_trust,2
holy_orders,2
come_by,2
he'd_go,2
i'll_bring,2
whatever_he,2
there's_more,2
bishop_forbids,2
him_pay,2
give_up,2
all_details,2
isnt_very,2
all_their,2
her_soul,2
not_much,2
now_old,2
but_why,2
quickly_come,2
pounds_his,2
but_no,2
now_it's,1
about_merchant,1
hall_high,1
mercy_her,1
every_last,1
girl_accepts,1
should_likewise,1
tithes_alms,1
not_take,1
brought_her,1
often_come,1
hercelot_her,1
rest_upon,1
he_felt,1
by_find,1
marian_are,1
straightaway_see,1
hands_185,1
away_exactly,1
fouchier_from,1
priest_tell,1
at_third,1
lost_what,1
tunic_robe,1
white_fur,1
lump_clay,1
why_all,1
fart_laid,1
assistance_would,1
abode_ginger,1
350_without,1
order_filles,1
says_can,1
once_he'd,1
calling_before,1
her_dowry,1
though_old,1
their_souls',1
one_gets,1
likewise_promise,1
myself_someplace,1
begged_him,1
rents_tithes,1
home_she,1
orders_40,1
make_or,1
gusto_since,1
get_prayer,1
then_off,1
except_bedding,1
finest_dresses,1
not_allow,1
his_sculpted,1
permission_i'll,1
an_objection,1
his_sworn,1
down_henceforth,1
apparent_70,1
pretense_virtue,1
intends_while,1
house_night,1
over_there,1
gladly_since,1
speak_mind,1
gone_nine,1
sixty_pounds,1
whatever_cloister,1
paul_talking,1
there_dont,1
protection_105,1
heart_fire,1
was_mortally,1
tell_friar,1
been_beaten,1
wine_again,1
profounder_joy,1
unquiet_mind,1
stay_virgin,1
295_will,1
pleasure_am,1
three_or,1
wasnt—it_was,1
dinner_when,1
filled_her,1
them_nobody,1
edge_spade,1
not_go,1
let's_pair,1
paris_wouldnt,1
also_hats,1
spirit_can,1
which_as,1
also_told,1
god_command,1
its_back,1
known_mans,1
become_saint,1
game_so,1
as_please,1
sold_garlic,1
palm_her,1
finalize_business,1
linen_dress,1
did_take,1
i'd_say,1
where_40,1
it's_truth,1
how_can,1
true_tells,1
i'll_do,1
guillaume_le,1
face_but,1
consideration_60,1
come_from,1
disdain_clergy,1
sooner_than,1
him_lengthy,1
make_meal,1
peels_165,1
now_at,1
hang_around,1
woman_has,1
thought_was,1
since_you've,1
suffers_great,1
town_woman,1
at_least,1
home_priest,1
advised_this,1
kept_clothed,1
priest_insisted,1
court_95,1
hear_him,1
no_place,1
from_swampy,1
wickedness_100,1
35_who,1
straws_hercelot,1
answers_i'll,1
said_30,1
great_martyrdom,1
unviolated_virginal,1
instead_this,1
he_stood,1
virginity_295,1
175_if,1
friar_240,1
went_till,1
behavior's_disgrace,1
155_not,1
his_meal,1
who_drink,1
unless_old,1
caused_them,1
75_he,1
made_attire,1
out_immediately,1
upon_holy,1
now_word,1
would_ever,1
our_congratulations,1
joyful_look,1
325_tell,1
she_lay,1
god_swear,1
so_very,1
105_as,1
he'd_ever,1
as_best,1
another_day,1
from_deceit,1
girl_earth,1
who_heard,1
or_three,1
slightest_transition,1
hand_swung,1
not_one,1
no_offense,1
one_ribs,1
found_passion,1
gaming_board,1
this_good,1
wished_do,1
feet_'n,1
priest_his,1
stay_awhile,1
takes_virginity,1
god_forgot,1
embraces_but,1
she_behaved,1
whose_deeds,1
130_missing,1
he_carried,1
decree_45,1
'round_him,1
would_145,1
than_contents,1
wont_he,1
assume_pose,1
35_you'll,1
80_name,1
crucifix_which,1
word_engraved,1
70_not,1
230_two,1
soul_god's,1
alexander_rich,1
said_devil,1
god_told,1
blind_fortune,1
sin_215,1
he_perturb,1
tore_apart,1
what_20,1
were_put,1
him_aside,1
20_crucifix,1
catch_crucifix,1
185_unless,1
without_inquiring,1
not_everything,1
deceived_her,1
lay_stretched,1
city_bayeux,1
you've_white,1
made_trip,1
his_feint,1
may_give,1
going_down,1
god_never,1
denise_set,1
discover_all,1
was_noble,1
would_she,1
dressed_this,1
go_brother,1
fabliau_shows,1
cases_pled,1
do_only,1
want_will,1
40_she,1
formed_man,1
tell_all,1
off_prelate's,1
love_without,1
convinced_he,1
mirth_see,1
booming_yell,1
around_until,1
see_310,1
125_her,1
hearing_bishop's,1
insisted_she,1
renegade_priest,1
carvings_right,1
5_all,1
from_end,1
wife's_virtue,1
wife_another,1
put_was,1
into_workshop,1
was_clever,1
candles_alight,1
his_love,1
till_she's,1
curtain_i'll,1
knew_palm,1
know_sin,1
afraid_poor,1
or_do,1
sculptures_finest,1
then_good,1
he_caught,1
denise_girl,1
neck_face,1
i've_chosen,1
took_devil,1
bishop_she,1
ass_backwards,1
replies_mahauld,1
he'd_lost,1
he_chimed,1
came_around,1
mattress_frame,1
better_were,1
so_well,1
too_smart,1
fail_every,1
but_they've,1
they're_fed,1
must_choose,1
who_lived,1
she'd_thought,1
bawds_he'd,1
liar_270,1
good_cloak,1
not_drink,1
clothes_his,1
as_chaplain,1
clothes_yet,1
likewise_tunic,1
through_mill,1
where_priest,1
her_very,1
comments_him,1
bends_lecherous,1
here_150,1
will_pay,1
ever_know,1
grow_old,1
favor_feeding,1
if_madame,1
190_she'll,1
355_who,1
procure_four,1
180_nor,1
lady_readily,1
much_professional,1
shamefully_255,1
lived_chartrain,1
live_earth,1
more_love,1
pounds_he's,1
here_said,1
am_hermit,1
prolong_their,1
sown_tilled,1
two_wandering,1
monk_not,1
too_much,1
5_put,1
from_head,1
scholars_out,1
this_fable,1
an_honest,1
coarse_strayed,1
sworn_word,1
who_behave,1
everything_shines,1
imposed_sanction,1
wellborn_noble,1
likewise_he,1
away_bishop,1
she_went,1
house_was,1
fucking_alison,1
he_very,1
his_word,1
by_taking,1
fresh_new,1
fire_as,1
sight_225,1
their_apparel,1
sold_10,1
too_just,1
heavenly_sire,1
penny_450,1
as_pledge,1
than_rutting,1
thinks_nor,1
was_converted,1
lie_down,1
all_disdain,1
night_long,1
moves_himself,1
hour_when,1
something_wonderful,1
home_mother,1
when_they'd,1
well_sign,1
only_because,1
was_done,1
she_leads,1
injurious_reproof,1
hides_himself,1
comes_time,1
road_425,1
feels_no,1
from_other's,1
served_well,1
away_75,1
soft_comfy,1
dug_pit,1
lets_see,1
way_her,1
thinking_55,1
wretched_shameful,1
up_drinking,1
swears_ten,1
his_up,1
plate_give,1
clergy_supports,1
say_sweet,1
drape_her,1
goose_there,1
or_wheedle,1
there_then,1
he_lured,1
sits_down,1
she_curled,1
cared_by,1
says_well,1
donations_merit,1
faith_what,1
no_town,1
yourself_infamy,1
shit_peasant,1
fine_about,1
witness_two,1
without_guile,1
girl_must,1
been_yearning,1
or_why,1
thought_her,1
i've_not,1
disapproved_forbade,1
word_turning,1
from_normandy,1
worthy_well,1
her_leave,1
missing_her,1
summoned_him,1
remain_hidden,1
finery_have,1
adzes_chisels,1
so_right,1
asks_this,1
200_hear,1
he'll_say,1
hearted_churl,1
they_ripped,1
him_black,1
as_gay,1
peppered_chicken,1
would_keep,1
clothes_completely,1
away_by,1
need_only,1
leads_her,1
inside_mattress,1
ones_he,1
fire_fire,1
every_fortnight,1
lord_blessed,1
meal_one,1
he_5,1
questioned_him,1
space_among,1
amity_nor,1
310_touch,1
marian_i've,1
mother_maintain,1
235_from,1
true_320,1
wanted_but,1
young_people,1
he_launched,1
touches_thus,1
ever_heard,1
train—_160,1
his_debauches,1
coat_it's,1
her_brothel,1
boy's_tonsured,1
see_woman,1
did_so,1
welcome_sir,1
savior_175,1
bedtime_he'll,1
left_many,1
passion_story,1
what_right,1
grief_been,1
goes_out,1
gave_assurance,1
night_her,1
find_suit,1
lord_grant,1
head_25,1
arrives_there,1
today_by,1
her_consent,1
riches_madame,1
priest_likewise,1
it's_bitter,1
wet_top,1
she's_sold,1
two_peasants,1
care_before,1
slow_perceive,1
her_unquiet,1
will_harrowing,1
by_womans,1
offered_his,1
not_slow,1
because_bishop,1
his_money,1
speaking_just,1
her_knees,1
question_him,1
but_now,1
god_has,1
everyone_'round,1
about_priest,1
45_clergy,1
fashion_may,1
2_trollops,1
entertainers_their,1
better_off,1
she_tried,1
stirred_husband,1
says_sir,1
grain_but,1
had_sat,1
had_her,1
she's_much,1
arguments_make,1
bishop_often,1
use_put,1
us_let,1
he'd_exercised,1
could_novice,1
lost_his,1
nor_good,1
intending_make,1
he'd_done,1
him_till,1
orders_men,1
suave_enfranchised,1
215_she,1
up_him,1
asks_him,1
binds_habit,1
what_kind,1
per_omnia,1
his_neck,1
pure_300,1
what_wealth,1
nonpareil_about,1
minstrelsy_you've,1
have_joy,1
had_5,1
budding_breast,1
sure_but,1
he's_summoned,1
clergy_knights,1
carefree_air,1
would_afford,1
suspension_his,1
more_flak,1
call_different,1
yet_arising,1
her_him,1
great_distress,1
he_kept,1
worse_if,1
court_may,1
there_170,1
his_cellar,1
madame_denise,1
it's_something,1
someplace_close,1
blessèd_deed,1
silver_fabric,1
god_reward,1
die_i'd,1
opposition_then,1
he'll_leave,1
pledged_her,1
strut_what,1
transgression_when,1
all_his,1
270_facedown,1
she'd_no,1
having_no,1
common_save,1
manner_she,1
contradict_any,1
woman_fated,1
fit—_so,1
start_god's,1
was_quick,1
goes_pounding,1
not_ninny,1
well_then,1
bread_plate,1
tailored_cut,1
story_lady,1
shady_place,1
tightly_drawn,1
told_his,1
someone_would,1
bite_as,1
his_wench,1
fac_finis,1
master_butcher,1
chisels_mattocks,1
god_just,1
he_jumps,1
so_you'll,1
its_girth,1
all_pages,1
let_said,1
she_i'll,1
what_reassurance,1
he_hurries,1
twist_destiny,1
has_penetrated,1
another_priest,1
his_lady,1
pounded_girl,1
together_madame,1
refrain_95,1
up_hercelot,1
him_where,1
desire_as,1
piebald_dapple,1
scared_by,1
full_measure,1
285_she,1
cannot_dispel,1
made_he,1
woman_takes,1
came_from,1
more_excellent,1
entertainers_are,1
surpassed_simons,1
potbellied_sort,1
her_even,1
dresses_jewelry,1
at_wealth,1
were_torn,1
god_he,1
clergyman_95,1
top_chaplain,1
thing's_completely,1
home_again,1
him_threatening,1
turned_aside,1
fair_beautiful,1
no_better,1
saw_his,1
noise_now,1
omission_but,1
kept_his,1
make_room,1
no_part,1
having_taken,1
by_overtaxing,1
led_35,1
mistress_butcher,1
not_made,1
her_175,1
them_prolong,1
promptly_enough—it,1
whom_antichrist,1
us_stay,1
living_there,1
child_by,1
picnic_here,1
beast_old,1
who_remains,1
galore_whomever,1
laughing_matter,1
tonsured_her,1
he_resides,1
he_shouldnt,1
lover_sweet,1
brother_dear,1
flak_not,1
their_dinner's,1
hang_from,1
lady_was,1
paid_wasnt,1
plenty_more,1
son_another,1
half_so,1
i've_told,1
bedding_was,1
not_385,1
ever_fared,1
who've_been,1
close_fire,1
fared_worse,1
irked_bishop,1
winning_hercelot,1
denise_her,1
any_girl,1
goes_straight,1
happy_all,1
belt_his,1
he_isnt,1
sure_get,1
hysterical_overwrought,1
390_dawdle,1
end_his,1
has_no,1
way_directly,1
his_benefice,1
he_fucks,1
bed_up,1
320_she'd,1
her_spine,1
hercelot_comes,1
eternal_torments,1
expecting_night,1
our_heavenly,1
sight_60,1
turn_messing,1
workmanship_them,1
lie_bed,1
had_asked,1
way_will,1
looked_upon,1
parent_he's,1
labors_tirelessly,1
ride_her,1
linger_or,1
god_cant,1
had_he'd,1
him_55,1
guffawed_said,1
begs_pleads,1
hide_from,1
just_one,1
her_under,1
toward_him,1
she_allow,1
she_then,1
hurt_have,1
fine_noble,1
since_what,1
380_worm,1
answers_think,1
her_utmost,1
kindled_then,1
125_you'll,1
reward_take,1
gift_got,1
side_she'd,1
into_view,1
335_than,1
pleasure_too,1
40_now,1
pit_full,1
penis_starting,1
but_when,1
15_but,1
explanation_but,1
desire_serve,1
completely_bare,1
maintain_harlots,1
pounding_him,1
had_bad,1
there_ever,1
door_hysterical,1
times_he,1
95_but,1
false_filthy,1
90_she,1
women_esteem,1
damned_violating,1
only_jug,1
harrowing_this,1
speedily_led,1
began_pound,1
slyly_hurries,1
he'd_bring,1
were_fair,1
mother_no,1
way_130,1
pay_full,1
tips_distributed,1
crusty_cakes,1
going_speak,1
was_said,1
cross_then,1
give_honor,1
many_people,1
daughter_king,1
7_crucified,1
give_light,1
wait_her,1
thereupon_his,1
much_charm,1
woman_front,1
men_who've,1
judaea_arranged,1
do_any,1
her_lover,1
anything_he,1
fish_at,1
60_equally,1
soul_takes,1
bed_now,1
peasantry_each,1
four_servants,1
25_about,1
apprentice_artfully,1
as_he's,1
she_as,1
get_out,1
dishonest_she,1
priest_told,1
dresses_her,1
set_out,1
wealthy_am,1
honest_brought,1
people_throughout,1
alarm_people,1
well_wolf,1
talk_such,1
patience_55,1
peter_good,1
she_proposed,1
heard_such,1
or_desist,1
reassure_herself,1
peace_300,1
all_there,1
god_turn,1
care_he,1
lady_i've,1
salvation_knights,1
except_nice,1
fit_king,1
without_respite,1
was_from,1
fell_beating,1
till_they'd,1
we're_given,1
fair_words,1
got_back,1
intention_withdraw,1
could_have,1
had_said,1
speak_such,1
i'll_soon,1
artfully_carved,1
threw_large,1
or_give,1
120_would,1
entire_35,1
said_done,1
he'd_built,1
side_110,1
answered_how,1
hear_hercelot,1
here's_something,1
fine_attire,1
have_him,1
her_pleasantly,1
must_see,1
save_present,1
close_by,1
wise_you'll,1
becauseshe_knew,1
live_loathing,1
or_otherwise,1
new_bloodred,1
money_can,1
asked_180,1
shrieks_good,1
he_figures,1
yourself_do,1
been_living,1
each_has,1
support_165,1
as_commanded,1
clothes_will,1
longer_friend,1
forbid_drink,1
provided_he,1
she_kept,1
much_time,1
or_just,1
by_rutebeuf,1
stray_mongrel,1
here_hercelot,1
have_glossed,1
priest_obeyed,1
order_cannot,1
maid_whom,1
case_her,1
answered_they're,1
their_dresses,1
trust_what,1
did_friar,1
posthaste_so,1
mother_once,1
45_however,1
woman_his,1
hercelot_takes,1
lies_20,1
withdrew_as,1
he_return,1
joined_brothers',1
woman_chaplain,1
undertake_he,1
they're_generous,1
will_bestow,1
have_fun,1
saw_there,1
often_change,1
peasants_were,1
forbids_so,1
no_amity,1
hand_high,1
say_not,1
befouls_fairest,1
disturbed_what,1
hands_entertainers,1
life_any,1
him_coat,1
received_her,1
other_company,1
denise_dear,1
his_purse,1
get_work,1
storms_out,1
hands_clasped,1
while_have,1
can_i'd,1
before_knew,1
office_pleased,1
inside_when,1
agreed_she,1
became_160,1
young_must,1
talking_nonsense,1
equally_well,1
now_place,1
rascal_band,1
him_inside,1
straight_bishop's,1
girls_defense,1
but_spoke,1
day_would,1
only_flight,1
lawrence—_buy,1
wanton_woman,1
end_priest,1
65_sitting,1
who_all,1
house_by,1
25_along,1
storage_box,1
stiffening_by,1
at_her,1
man_sure,1
them_squats,1
was_his,1
then_he'll,1
were_hung,1
merchandise_was,1
4_how,1
neighborliness_hide,1
by_this,1
one_needs,1
out_reproached,1
come_soon,1
service_priest,1
hercelot_335,1
put_up,1
sanction_against,1
quite_often,1
80_who've,1
risen_from,1
body_rich,1
had_somewhere,1
95_just,1
decked_flowers,1
off_tidy,1
220_henceforth,1
285_he,1
said_when,1
reply_grace,1
whom_any,1
his_flock,1
them_sitting,1
he_undertook,1
wealth_christ,1
chaplain_knew,1
what_we've,1
deeds_show,1
sighs_make,1
am_210,1
spend_some,1
soul_i'll,1
145_he,1
lovely_room,1
how_suffer,1
king_or,1
fed_up,1
nothing_wear,1
noble_damsel,1
he_hurried,1
coustenz_left,1
sense_they,1
woman_storms,1
jumps_water,1
try_them,1
tongue_65,1
teaches_50,1
bishop_her,1
damsel_was,1
than_thirty,1
race_also,1
said_whatever,1
will_you'll,1
sharing_prelate's,1
nor_did,1
i've_so,1
astray_so,1
god_says,1
bishop's_subpoena,1
donations_he,1
did_20,1
our_steps,1
river_thames,1
no_case,1
bishop_heard,1
spent_wasted,1
their_favors,1
by_40,1
she's_fasting,1
tear_maiden,1
over_what,1
all_wet,1
members_how,1
pleads_she,1
pan_then,1
blows_those,1
bishop_feels,1
plenty_each,1
readily_detects,1
nor_wished,1
against_feather,1
lovely_unaffected,1
he_liked,1
pair_55,1
all_finery,1
one_could,1
hair_short,1
so_fast,1
saint_45,1
ah_woe,1
holding_these,1
45_being,1
having_been,1
one_by,1
said_i'll,1
made_there,1
reach_miracles,1
without_least,1
he'll_not,1
from_lump,1
secret_place,1
35_as,1
gets_no,1
as_advise,1
parents_no,1
cannot_say,1
her_was,1
behave_this,1
likewise_his,1
yes_will,1
165_off,1
beside_him,1
skillfully_he,1
muck_when,1
you'll_regret,1
as_laughing,1
tradition_then,1
go_along,1
do_went,1
merchandise_also,1
relent_gave,1
rule_now,1
who_resemble,1
man_from,1
she_sees,1
psalter_again,1
that's_one,1
straight_through,1
acts_just,1
sermon_he,1
without_failure,1
other_tenderly,1
told_agreed,1
more_value,1
proper_says,1
fable_teaches,1
this_bishop,1
make_these,1
gets_dresses,1
looked_having,1
more_needs,1
need_guide,1
fine_house,1
soon_enough,1
long_before,1
wheat_320,1
had_his,1
rare_who,1
come_their,1
least_will,1
30_before,1
passions_do,1
take_pleasure,1
dinner's_through,1
felt_he'd,1
way_or,1
hearing_what,1
townspeople_were,1
190_old,1
got_this,1
onions_also,1
time_he,1
back_ribs,1
bones_blows,1
screwed_pounded,1
her_fire,1
passion_peasants,1
nor_more,1
purse_where,1
then_hercelot,1
stood_as,1
after_375,1
compassionate—_see,1
commoners_clergymen,1
said_lady,1
ready_have,1
would_bed,1
last_all,1
three_hanging,1
elated_her,1
due_how,1
strength_exerted,1
would_proceed,1
she_herself,1
lay_out,1
yours_who,1
go_shit,1
whole_world,1
came_by,1
child_these,1
wasnt_all,1
way_whatever,1
devil_she,1
chaplain_gave,1
entails_no,1
she_ordered,1
sent_her,1
here_lady,1
started_sharpening,1
behavior_was,1
debauches_ah,1
170_whose,1
her_sons,1
made_one,1
last_they,1
our_will,1
had_risen,1
womans_real,1
convinced_won,1
live_poorer,1
mine_devil,1
says_mean,1
hunchbacked_averse,1
bear_10,1
believed_one,1
climb_into,1
120_believe,1
such_madness,1
fast_if,1
knew_priest,1
was_clad,1
what_worthy,1
converted_his,1
his_head,1
what_they're,1
mightily_who,1
clearly_265,1
side_it's,1
barons—_merchant,1
them_nor,1
ardres_between,1
alone_shall,1
kept_stock,1
lord_saint,1
friar_hearing,1
though_his,1
sate_himself,1
155_without,1
go_him,1
flock's_patience,1
complaint_or,1
duping_his,1
440_from,1
priest_hiding,1
flapping_wind,1
decree_5,1
until_someone,1
winked_at,1
from_apostles',1
then_that's,1
such_beast,1
sore_anguished,1
soon_felt,1
out_broken,1
did_he,1
someone_go,1
gets_down,1
hair_75,1
wont_see,1
i'll_keep,1
any_way,1
395_up,1
turned_him,1
wide_brother,1
speak_god,1
come_bishop's,1
punishment_his,1
450_whenever,1
charlatan_what,1
no_way,1
contrariwise_fable,1
joy_mirth,1
conduct_was,1
off_everything,1
simon_cannot,1
friend_would,1
affair_chaplain,1
saving_god's,1
i'd_pen,1
woman_alison,1
full_he,1
10_no,1
by_devil,1
maid_cant,1
cord_binds,1
happened_he,1
ground_just,1
who_gave,1
chair_lost,1
thus_spade,1
command_40,1
market_so,1
was_making,1
again_time,1
choose_whomever,1
more_come,1
good_overcoat,1
distress_by,1
steps_out,1
then_said,1
dear_if,1
or_his,1
what_say,1
broken_inside,1
days_are,1
now_forbidden,1
who've_come,1
due_lock,1
clear_why,1
passion_had,1
305_through,1
by_which,1
as_occasion,1
set_her,1
magnificent_from,1
this_day,1
lovely_hair,1
see_bishop,1
up_fur,1
says_have,1
has_made,1
marian_415,1
said_he'd,1
give_certainly,1
careful_do,1
as_any,1
am_rome,1
had_just,1
him_piercing,1
its_contents—,1
through_secret,1
back_front,1
i'll_set,1
knight_her,1
suit_young,1
indeed_did,1
i've_never,1
priest_short,1
never_win,1
thoughts_fancied,1
any_less,1
if_not,1
cuts_mulling,1
without_taper,1
bishop_felt,1
each_them,1
sorrowful_becauseshe,1
110_has,1
reason_could,1
nearly_roared,1
lady's_treatment,1
or_thieve,1
fondness_who,1
stayed_them,1
make_such,1
she_begged,1
them_too,1
top_stairs,1
something_else,1
this_life,1
has_she,1
her_believe,1
man_has,1
out_hercelot,1
see_god,1
twelve_times,1
activity_none,1
crucified_75,1
as_charge,1
crouched_by,1
called_from,1
by_wickedness,1
too_as,1
thus_let's,1
starting_grow,1
as_william,1
moral_precepts,1
part_why,1
her_70,1
would_meet,1
goes_priest,1
his_neighbor,1
guide_certainly,1
supports_herself,1
believe_hate,1
sweetheart's_one,1
most_happy,1
fell_at,1
approached_him,1
when_three,1
him_disdain,1
weather's_hot,1
brother_why,1
fully_granted,1
will_some,1
up_gulping,1
purse_he,1
horse_175,1
95_from,1
house_he,1
65_bishop,1
chamber_then,1
hand_but,1
tow_drop,1
garments_toss,1
taper_he,1
wife_you'd,1
people_make,1
figure_brother,1
curled_up,1
great_love,1
out_their,1
should_have,1
place_their,1
husband_told,1
kindling_flame,1
as_fast,1
fulfill_desire,1
women_long,1
precious_child,1
womans_dwelling,1
pieces_linen,1
up_altogether,1
affairs_had,1
sold_neither,1
rhyme_5,1
because_from,1
francis_led,1
ribs_he'd,1
consideration_mother's,1
died_from,1
husband's_presence,1
town_crier,1
fellows_carrying,1
grace_he,1
nor_less,1
belt_man,1
subpoenaed_her,1
who_feasted,1
forthwith_friar,1
bundled_395,1
without_pair,1
william_from,1
pleasure_offers,1
back_where,1
ing_image,1
voice_bit,1
they_have,1
virginity_then,1
than_he'd,1
until_reach,1
virgin_she,1
cannot_think,1
up_says,1
sleep_their,1
go_they,1
hanged_account,1
would_dine,1
precepts_prescription,1
his_voice,1
excellent_than,1
rights_own,1
talking_except,1
lived_she'd,1
fine_workmanship,1
hands_somewhere,1
i'll_no,1
her_took,1
elite_340,1
lands_35,1
her_mother's,1
came_he,1
heard_said,1
which_glowed,1
up_sooner,1
can_i'll,1
his_task,1
arising_gets,1
them_but,1
him_takes,1
few_other,1
through_cwm,1
liar_clearly,1
buck_he,1
thinking_brother,1
not_believe,1
kind_may,1
neither_mantle,1
said_lords,1
quite_boy's,1
can_go,1
by_score,1
same_way,1
up_bed,1
he_owes,1
priests_what,1
mean_give,1
make_dearly,1
distress_fright,1
hypocrite_charlatan,1
into_very,1
ribs_everyone,1
shall_do,1
friar_minor,1
chaplain_was,1
their_confreres,1
about_this,1
god_common,1
spot_beyond,1
flushed_dark,1
please_them,1
all_looked,1
stayed_home,1
just_have,1
putting_something,1
him_barley,1
blind_him,1
done_but,1
from_going,1
ducks_loons,1
or_ten,1
drank_quantities,1
straight_knights,1
appear_intending,1
robe_an,1
resounded_his,1
haired_daughter,1
wed_friar,1
well_fell,1
from_replies,1
who_supports,1
bishop_relent,1
act_upon,1
open_stitching,1
she_neither,1
steps_from,1
he'd_taken,1
or_i'll,1
grate_together,1
rich_silver,1
supplied_her,1
own_possess,1
commanded_now,1
confession_would,1
denise_said,1
or_four,1
entertainers_as,1
not_permit,1
penetrated_or,1
benedico_per,1
day_forward,1
righteous_woman,1
10_he,1
land_she,1
body_cunt,1
bishop_knew,1
one_at,1
priest_exclaims,1
from_world's,1
if_said,1
beldame_mother,1
nothing_she,1
say_if,1
pay_him,1
senlis_he,1
set_eat,1
open_chamber,1
loud_then,1
alison_hercelot,1
leave_his,1
thirty_80,1
not_cheap,1
air_couldnt,1
any_one,1
an_unfamiliar,1
who_imposed,1
he's_brought,1
she'd_known,1
thus_preoccupied,1
tilled_thereupon,1
two_capons,1
pushed_open,1
been_struck,1
town_there,1
end_end,1
45_girl,1
go_find,1
ginger_very,1
how_bamboozled,1
than_did,1
located—he_'d,1
150_cloister,1
one_not,1
off_hands,1
chaplains_heart,1
back_his,1
adjured_her,1
chicken_dine,1
bathed_tears,1
running_late,1
fire_raise,1
195_when,1
many_tear,1
new_upon,1
promised_satisfaction,1
girls_house,1
burst_without,1
50_quite,1
around_dragged,1
eager_please,1
too_fair,1
smart_was,1
or_gifts,1
wretch_am,1
had_lovely,1
180_he,1
pridefulness_while,1
went_into,1
alison_he'd,1
year_her,1
girl_countermands,1
such_ill,1
they_started,1
orders_lay,1
him_fifteen,1
merchant_woman,1
them_fear,1
priests_do,1
as_know,1
as_night,1
lady_i'll,1
gold_15,1
not_anything,1
killed_wolf,1
wear_well,1
has_dealt,1
he_beguiled,1
henceforth_tonight,1
peasants_hey,1
but_peasant,1
nor_barons—,1
come_him,1
obligation_40,1
much_drink,1
what_he'd,1
struck_him,1
dine_10,1
offer_explanation,1
as_would,1
gladly_his,1
charges_she,1
want_do,1
by_guillaume,1
thus_445,1
place_hands,1
tête_25,1
asks_will,1
take_as,1
company_until,1
come_when,1
leaving_into,1
necessary_because,1
if_want,1
they're_surly,1
down_gaming,1
knew_from,1
always_tenderly,1
cross_prostrate,1
days_had,1
her_nothing,1
glowing_candles,1
then_do,1
he_loves,1
by_bathtub,1
possessed_noble,1
greeting_friend,1
300_where,1
much_avail,1
created_through,1
much_care,1
apple's_worth,1
bath_she,1
trust_saint,1
blessing_her,1
shameful_death,1
sends_greeting,1
60_she,1
beautiful_15,1
should_clergyman,1
violes_260,1
alison_whose,1
brothel_though,1
glossed_text,1
could_one,1
after_him,1
there's_nothing,1
noble_parents,1
christ_crucified,1
does_everything,1
up_talking,1
must_support,1
he'll_sate,1
hide_he,1
their_donations,1
mulling_over,1
gay_as,1
supplied_out,1
took_alison,1
ready_waiting,1
taken_time,1
clamoring_them,1
community_neither,1
she_begins,1
sure_he,1
destroyed_many,1
as_merchandise,1
formality_knew,1
today_their,1
brother_i'll,1
find_shelter,1
peas_pottage,1
swampy_terrain,1
you'd_catch,1
not_where,1
this_manner,1
wait_until,1
95_mess,1
120_except,1
only_just,1
defense_she,1
wickedly_nurture,1
baked_sifted,1
rutting_steed,1
paramour_whom,1
marian—_he,1
are_going,1
one_said,1
aright_had,1
confreres_skillfully,1
purse_chaplain,1
concealed_behind,1
way_do,1
more_285,1
290_you'll,1
him_there's,1
goat_what,1
word_them,1
gave_rights,1
born_ardres,1
55_shoes,1
no_mere,1
sly_conniving,1
i've_no,1
woven_reeds,1
why_he,1
back_135,1
her_say,1
do_whatever,1
them_good,1
saint_eustace,1
has_someone,1
forbade_him,1
forward_require,1
acquainted_this,1
cant_wait,1
crying_helter,1
folk_assemble,1
so_dour,1
delay_cried,1
friend_but,1
fine_have,1
this_not,1
at_figure,1
was_forbidden,1
against_his,1
her_work,1
waited_went,1
cover_10,1
won_over,1
accept_this,1
sees_lady,1
chaplain_turned,1
here_by,1
things_went,1
hardly_state,1
satisfied_contented,1
sir_behave,1
against_him,1
might_expect,1
ride_whole,1
hooks_trenchant,1
who_gets,1
these_charges,1
cock_lady,1
pal_upon,1
his_artfulness,1
400_behind,1
sire_had,1
go_205,1
heart_her,1
lived_days,1
had_crowbar,1
one_which,1
240_magnificent,1
leaf_tree,1
heat_child,1
240_her,1
advise_tell,1
said_he,1
rough_her,1
priest's_use,1
him_125,1
her_sweet,1
paul_what,1
light_i'll,1
they'd_bundled,1
are_ended,1
100_hoping,1
riches_contrariwise,1
all_long,1
weak_hearted,1
until_happened,1
mind_untrue,1
fasting_or,1
brought_yourself,1
laid_by,1
young_man,1
down_pleasance,1
steps_she's,1
married_nobly,1
glad_she,1
states_her,1
feigning_great,1
length_one,1
takes_his,1
says_how,1
took_some,1
clothes_townspeople,1
they_look,1
would_blessèd,1
pass_off,1
whatever_say,1
him_have,1
wrote_tells,1
replied_he,1
made_i'll,1
now_been,1
mortally_afraid,1
name_was,1
her_case,1
fashion_90,1
came_had,1
her_living,1
bring_money,1
hand_brother,1
he_goes,1
part_neither,1
simon_he,1
coming_back,1
very_readily,1
wink_terrified,1
without_his,1
now_dont,1
great_mishap,1
he's_decreed,1
folderol_60,1
attempts_offer,1
fine_fur,1
peasant_whatever,1
hand_her,1
fable_tells,1
right_if,1
dear_priest,1
sir_by,1
thoughts_she,1
pay_off,1
he_crouched,1
about_fairest,1
bed_no,1
her_had,1
blazing_by,1
these_thoughts,1
him_not,1
her_whose,1
given_their,1
meo_as,1
hell_they,1
about_hercelot,1
him_reward,1
he_her,1
at_prayer,1
he_dresses,1
there_town,1
then_know,1
170_chaplain,1
god_virgin,1
indeed_she,1
as_clerics,1
now_that's,1
dotage_30,1
simon_go,1
fires_lust,1
go_see,1
sense_when,1
alphabet_he'll,1
double_blades,1
forgot_make,1
she_sits,1
habit_or,1
him_know,1
her_see,1
are_contrary,1
45_pruning,1
fucks_her,1
cyr_would,1
great_pretense,1
drawn_two,1
devils_dam,1
straight_without,1
short_he,1
while_whores,1
neither_wool,1
at_court,1
you'll_just,1
her_joyful,1
expects_loft,1
which_he'd,1
behaviors_10,1
would_much,1
currency_lord,1
find_when,1
whom_am'rous,1
55_them,1
her_by,1
chamber_which,1
double_he,1
gone_wrenched,1
knew_not,1
30_will,1
too_20,1
spot_holiness,1
from_nearest,1
lords_whom,1
waking_early,1
how_or,1
there's_plenty,1
even_quicker,1
all_gifts,1
he's_been,1
laid_eyes,1
friars_minor,1
god's_sake,1
riding_through,1
100_make,1
charm_290,1
take_true,1
business_prepare,1
5_so,1
alexander_priest,1
up_at,1
had_daughter,1
beginning_end,1
could_take,1
great_hall,1
womans_side,1
will_allow,1
girl_shaken,1
bore_nursed,1
lucky_have,1
tutored_her,1
room_305,1
face_face,1
210_so,1
was_desire,1
one_aware,1
neither_nor,1
place_shit,1
had_paramour,1
week_only,1
never_raise,1
brook_no,1
earth_here,1
wearied_harness,1
all_she,1
put_stipend,1
support_her,1
bring_her,1
trust_they're,1
115_i've,1
pity_god's,1
him_bathe,1
hide_these,1
god_son,1
not_do,1
drinking_when,1
tools_double,1
may_william,1
60_priest,1
was_beeswax,1
it's_bedtime,1
her_intention,1
her_their,1
may_lord,1
answers_if,1
herself_while,1
dear_by,1
she'd_not,1
or_their,1
since_all,1
good_woman,1
no_just,1
whim_also,1
quietly_laughing,1
160_where,1
them_from,1
mistresses_supplied,1
brush_drapery,1
money_he,1
could_preserve,1
noble_heart's,1
girls_mother,1
buy_zedoary,1
place_corn,1
plank_chair,1
150_questioned,1
beaten_lambasted,1
god_come,1
grieve_his,1
neck_struck,1
allow_him,1
going_court,1
nothing_her,1
clothes_he,1
truly_kid,1
someone_again,1
sooner_did,1
an_installment,1
disguised_way,1
into_bed,1
all_others,1
known_knight,1
madness_insanity,1
gisors_i'd,1
class_because,1
his_right,1
trenchant_spades,1
girl_priest,1
but_he'd,1
snare_same,1
endurance_325,1
name_god,1
dinner_we'll,1
get_wife,1
had_mind,1
do_stay,1
spacious_trough,1
way_he,1
fire_there,1
then_going,1
balls_there,1
against_grain,1
flanks_they,1
there_short,1
creature_would,1
him_fiery,1
who_more,1
tears_but,1
did_she,1
noble_her,1
her_arms,1
fabric_parish,1
then_very,1
eustace's_body,1
matter_they'd,1
took_when,1
earth_no,1
must_come,1
priest_355,1
him_if,1
suit_from,1
simple_thoughts,1
did_was,1
whatever_115,1
caught_to't,1
dennis_alison,1
him_down,1
he_190,1
dump_right,1
she_did,1
get_cream,1
mahauld_girls,1
twelfth_year,1
rotten_through,1
joy_earth,1
80_all,1
pontoise_weighed,1
will_come,1
hide_conceal,1
apart_225,1
she'd_married,1
agreed_bishop,1
all_money,1
refutation_230,1
statues_crucifixes,1
can_this,1
tried_push,1
she_intends,1
come_up,1
seen_ass,1
whomever_may,1
town_15,1
will_cavort,1
transition_360,1
reckless_am,1
out_his,1
cares_about,1
satisfaction_65,1
agreed_180,1
overtaxing_his,1
searched_from,1
menhould_he,1
forsake_entertainers,1
different_his,1
glad_happy,1
overwrought_goes,1
impart_god,1
this_friend,1
curtains_tightly,1
them_disdain,1
summoned_though,1
he's_supposed,1
actions_are,1
not_she'll,1
womans_set,1
come_before,1
which_make,1
hunted_this,1
another_man,1
bishop's_words,1
off_home,1
but_not,1
first_made,1
everything_bet,1
told_maid,1
priest_went,1
this_purse,1
great_delight,1
him_nothing,1
down_work,1
words_priest,1
teeth_modesty,1
life_saint,1
further_amputation,1
get_at,1
no_competence,1
was_ways,1
knew_about,1
265_but,1
daughter_170,1
will_do,1
takes_what,1
vain_acted,1
went_opened,1
hidden_155,1
pen_fabliau,1
case_might,1
good_tell,1
pull_no,1
brother_our,1
feast_would,1
french_parchment,1
ran_away,1
who_depended,1
view_55,1
did_long,1
come_aid,1
mind_120,1
him_close,1
withdraw_hide,1
again_disclosed,1
10_feast,1
her_long,1
blows_woman,1
top_her,1
apostles'_way,1
clerical_estate,1
swear_how,1
given_him,1
intelligent_he,1
goose_bishop,1
used_long,1
as_rebel,1
own_two,1
stream_cress,1
she'll_not,1
knew_sharp,1
quite_loud,1
suffer_blows,1
nothing_i've,1
sturdy_silver,1
marks_could,1
comes_back,1
has_ever,1
many_capons,1
45_must,1
his_debt,1
fine_wondrous,1
lady_kept,1
or_brother,1
hand_he,1
husband's_holy,1
215_wish,1
barrabam_aloud,1
orders_bishop,1
have_served,1
have_obeyed,1
here_look,1
10_but,1
went_devour,1
hercelot_as,1
exerted_this,1
habit_hang,1
were_all,1
out_pea,1
caught_he,1
selling_people,1
parchment_was,1
their_hire,1
plenty_food,1
he_cried,1
bit_an,1
value_quite,1
tree_this,1
want_provided,1
gets_plenty,1
went_reading,1
going_lord,1
when_soul,1
looked_at,1
speech_asks,1
said_alison,1
his_lord's,1
sitting_plank,1
pullets_both,1
his_eyes,1
long_accusation,1
called_out,1
consent_betrothed,1
wise_whereas,1
says_115,1
his_coffers,1
needed_no,1
knights_will,1
30_let's,1
such_fashion,1
wealth_they,1
get_due,1
195_her,1
fail_or,1
both_180,1
their_two,1
whetting_stone,1
i've_wealth,1
often_bought,1
his_penis,1
went_up,1
believe_take,1
wine_he,1
meeting_him,1
day_first,1
fists_he,1
thames_here,1
lady_took,1
him_stays,1
good_cape,1
have_drink,1
was_forced,1
cushions_out,1
an_ordination,1
she_walked,1
come_announces,1
but_himself,1
hearing_this,1
body_by,1
this_story,1
other_who's,1
marian_lovely,1
alison—_then,1
doubt_seeing,1
side_270,1
coat_he,1
love_her,1
mother_but,1
go_market,1
dress_gusto,1
if_were,1
should_reassure,1
bedroom_their,1
all_hurry,1
as_taking,1
he's_hidden,1
collateral_where,1
fidgeted_so,1
them_all,1
i've_put,1
were_also,1
one_he,1
left_four,1
pepper_caraway,1
you'll_see,1
you've_come,1
held_his,1
made_known,1
bare_entire,1
tirelessly_at,1
purple_gentian,1
gathered_hammers,1
us_man,1
things_are,1
held_most,1
mount_against,1
she_brought,1
mother_deference,1
they_desire,1
had_no,1
good_womans,1
145_do,1
words_60,1
quickly_dragged,1
gracious_smile,1
loons_they,1
they'd_given,1
190_fifteen,1
125_he,1
inheritance_wealth,1
it's_new,1
through_his,1
360_he,1
goose_as,1
those_heavy,1
chapel_clerical,1
immediately_said,1
generous_serve,1
tabors_violes,1
often_went,1
fright_days,1
summon_her,1
joy_he,1
what_prelate,1
others_you've,1
arrives_at,1
her_fit,1
basis_guess,1
here_take,1
longer_then,1
so_he's,1
flight_she's,1
any_hawthorn,1
sets_out,1
am_poor,1
speaking_as,1
435_he,1
last_denier,1
great_125,1
abstain_from,1
guile_virginity,1
delay_now,1
three_estates,1
go_he,1
bit_said,1
happy_sharing,1
he_expects,1
maiden_who,1
10_wife,1
so_intimidated,1
forget_160,1
care_not,1
end_she,1
union_lady,1
swear_she'll,1
awhile_lord,1
well_370,1
trees_bear,1
two_minds,1
living_town,1
god_more,1
replies_wont,1
hercelot_girl,1
pilgrim_has,1
she_swears,1
friday_at,1
god_she,1
daughter's_name,1
counsel_friar,1
her_shoes,1
where_he'll,1
naked_as,1
him_beside,1
least_idea,1
dwell_girl,1
flowers_herbs,1
betrothed_married,1
fell_but,1
excommunicated_priest,1
or_you'll,1
hercelot_now,1
wait_he'd,1
marian_was,1
fool_bishop,1
will_worse,1
hence_forth,1
drink_what,1
table_lady,1
devotedly_i'd,1
detects_brother,1
peter_priest,1
education_no,1
if_you've,1
took_her,1
one_elite,1
has_blessed,1
end_without,1
man_without,1
whoever_seeks,1
life_swear,1
lot_woman,1
there_who,1
completely_new,1
filthy_life,1
him_form,1
said_right,1
gave_hercelot,1
who_helps,1
clothes_35,1
70_fart,1
shit_30,1
he_enters,1
from_looks,1
who's_lying,1
without_her,1
have_eaten,1
his_roof,1
her_store,1
late_called,1
contented_chaplain,1
how_say,1
possess_that's,1
no_he'll,1
infamy_tell,1
alexandria_his,1
hercelot_priest,1
by_god's,1
omnia_seculorum,1
found_priest,1
shelter_their,1
learned_gladly,1
them_said,1
ingratiating_fashion,1
sour_apple's,1
most_noble,1
remains_behind,1
there_room,1
30_speak,1
185_now,1
someone_had,1
got_spend,1
streets_155,1
deference_35,1
denise_stayed,1
dais_then,1
friar_hear,1
hercelot_directs,1
her_hinder,1
shafts_he'd,1
was_tricky,1
if_can,1
launched_into,1
lie_90,1
laid_255,1
no_harm,1
pray_god,1
seek_130,1
feeding_this,1
if_what,1
mean_speak,1
it's_mother,1
quantities_soissons,1
wench_clear,1
had_life,1
spend_her,1
arrange_an,1
she_learned,1
185_chaplain,1
room_good,1
service_was,1
short_time,1
do_desire,1
arranged_whole,1
150_if,1
needs_said,1
195_now,1
bet_before,1
dark_purple,1
he_explained,1
tell_why,1
mans_embraces,1
lord's_decree,1
given_by,1
gets_ready,1
left_no,1
nor_make,1
have_live,1
who_got,1
grace_yes,1
say_i'd,1
taking_shit,1
he_bears,1
until_it's,1
dispel_or,1
follow_saint,1
until_all,1
were_plenty,1
her_farted,1
perceived_his,1
their_backs,1
blessing_must,1
him_their,1
martyrdom_she's,1
what_was,1
every_man,1
she_thought,1
dismay_lady'd,1
who_awaits,1
out_bed,1
her_tongue,1
go_though,1
gain_good,1
him_go,1
room_resound,1
very_low,1
priest_saw,1
too_word,1
stone_steps,1
he'd_thought,1
wont_help,1
who_expect,1
handle_touches,1
decision_she,1
put_hands,1
there_chamber,1
flame_inside,1
neednt_fret,1
word_when,1
knife_sturdy,1
most_dear,1
cut_suit,1
wine_bishop,1
sex_190,1
pair_leggings,1
their_feet,1
has_command,1
him_keep,1
flax_chaplain,1
well_exemplifies,1
they'd_sooner,1
order_make,1
not_tell,1
she's_sly,1
her_chest,1
she_gets,1
whereas_stingy,1
what_shall,1
door_turns,1
they_once,1
berula_her,1
given_nothing,1
80_clergy,1
hercelot_accept,1
leave_he,1
had_hand,1
us_young,1
george_i've,1
gave_all,1
spade_great,1
inquiring_how,1
no_delay,1
lives_thereupon,1
better_wed,1
cakes_baked,1
never_dine,1
crucifige_eum,1
do_girl,1
care_ready,1
fleece_going,1
said_mean,1
priest_arrives,1
way_maid,1
more_joy,1
quite_few,1
her_what,1
at_start,1
sooner_abstain,1
but_bittern,1
see_he,1
father_coustenz,1
woman_bother,1
life_debauched,1
he_hides,1
very_finest,1
closes_door,1
bear_separation,1
what_proverb,1
friar_simon,1
any_good,1
priest_did,1
moving_two,1
think_was,1
one_rascal,1
bidden_he,1
noble_demoiselle,1
what_fable,1
demonstrated_no,1
eye_marian—,1
make_haste,1
270_when,1
priest_believed,1
was_only,1
walked_home,1
cheap_black,1
bite_apple,1
one_her,1
simon_fell,1
hand_where,1
himself_give,1
chaplain_bends,1
assume_he's,1
neither_wished,1
unkind_make,1
two_hundred,1
when_bishop,1
40_those,1
thus_lie,1
bare_behavior,1
mother_still,1
an_entire,1
'n_fists,1
they_lay,1
35_friar,1
life_lead,1
balls_cock,1
stock_as,1
comfy_bed,1
inside_breast,1
concerning_penitence,1
60_orders,1
shillings_provins,1
good_wines,1
sculpted_figures,1
us_dont,1
lying_curtained,1
until_he,1
why_was,1
peasant_befouls,1
told_him,1
out_what,1
brought_all,1
stays_till,1
since_was,1
his_text,1
he_who's,1
poured_fresh,1
disclosed_bishop,1
dawdle_she's,1
wept_see,1
135_make,1
churl_she,1
good_coat,1
chaplain_took,1
seeing_his,1
15_speaking,1
lived_who,1
trouble_let's,1
him_drew,1
make_an,1
devour_crusty,1
squatted_down,1
who's_wise,1
purse_110,1
her_sighs,1
fair_shapely,1
goat_he,1
saints_gisors,1
has_wanted,1
back_our,1
out_fire,1
contradiction_death,1
learned_sing,1
then_made,1
went_took,1
low_dixit,1
he'd_had,1
he'd_do,1
gifts_them,1
noblewoman_she,1
are_lover,1
dormouse_go,1
60_they,1
must_chatter,1
replies_her,1
harlots_under,1
take_gentle,1
as_paris,1
his_life,1
go_damnation,1
by_bishop,1
him_naked,1
asked_wellborn,1
35_rule,1
well_by,1
she_took,1
knights_they'll,1
shapely_body,1
hercelot_replies,1
fair_well,1
dour_now,1
mean_what,1
creatures_withdrew,1
his_confreres,1
sweet_75,1
two_hands,1
start_out,1
who_who,1
benefice_suspended,1
certainly_he'll,1
day_there,1
sons_behavior's,1
good_people,1
not_say,1
he_lives,1
high_thoughts,1
was_running,1
before_she's,1
carver_now,1
leave_us,1
wife_used,1
round_potbellied,1
says_brother,1
catch_fish,1
feet_meeting,1
loathing_although,1
more_he,1
his_thinking,1
his_pit,1
him—you_can,1
keys_locked,1
free_dont,1
him_goes,1
stumble_an,1
must_so,1
rightful_sex,1
vulgarity_45,1
nor_would,1
i've_some,1
herod_judaea,1
brought_him,1
exactly_what,1
not_at,1
this_time,1
leave_walks,1
25_nature,1
her_conduct,1
fact_80,1
bred_as,1
state_have,1
one_hole,1
placed_his,1
wont_consider,1
forced_buy,1
nothing_are,1
perturb_anymore,1
oise_near,1
saint_omer,1
well_made,1
soul_may,1
came_here,1
crowed_ban,1
four_times,1
town_which,1
priest_her,1
peasant_therefore,1
from_england,1
makes_speech,1
barging_from,1
friar_whom,1
carouse_just,1
he_answered,1
two_fellows,1
thinks_he,1
hanging_balls,1
donation_plate,1
as_mother,1
life_conjugality,1
post_collateral,1
him_do,1
tells_them,1
they_take,1
expect_have,1
time_crucifige,1
have_bite,1
nobly_too,1
she'll_one,1
would_at,1
say_marian,1
speak_sense,1
or_hang,1
take_bed,1
what_asked,1
hanging_ornaments,1
30_thing,1
off_clothes,1
food_clothing,1
shift_fold,1
cape_coat,1
allow_but,1
knight_who'd,1
her_name,1
band_who,1
leave_sorry,1
heavy_them,1
am_now,1
priest_lunatic,1
looks_this,1
others_this,1
but_give,1
finest_fashion,1
gaffe_womans,1
but_here's,1
strict_confidence,1
amiss_if,1
mood_priest,1
head_220,1
image_here,1
drags_cannot,1
his_feet,1
god_have,1
following_letter,1
tell_us,1
at_peace,1
his_share,1
full_donation,1
there_hearth,1
their_mistresses,1
resound_feigning,1
dress_all,1
guard_her,1
filles_dieu,1
farms_10,1
says_light,1
continued_his,1
30_cinnamon,1
statuette_tow,1
marian—_henceforth,1
gave_tools,1
god_no,1
less_his,1
sharpening_knife,1
fortnight_then,1
135_put,1
knees_hands,1
wont_let,1
thieve_or,1
go_riding,1
65_those,1
nobody_else,1
will_guard,1
cloak_lamb's,1
homestead_50,1
her_teeth,1
his_demeanor,1
virgin_alison,1
set_free,1
spice_she,1
can_105,1
her_sir,1
fact_undoubtedly,1
his_wife's,1
chaplain_then,1
woman_carries,1
lined_cloaks,1
mum_better,1
too_till,1
now_this,1
well_out,1
heart_beating,1
messing_body,1
how_unkind,1
too_30,1
house_70,1
well_as,1
her_lovely,1
before_him,1
child_let,1
do_thereupon,1
by_saw,1
lead_astray,1
again_starts,1
times_day,1
should_not,1
or_fable,1
255_saint,1
time_woman,1
lout—_his,1
out_stuffed,1
confidence_315,1
melodious_fair,1
one_he's,1
him_leave,1
anjou_i'll,1
black_hearted,1
an_herb,1
minor_replied,1
songs_at,1
nothing_without,1
hands_he,1
so_young,1
him_renegade,1
learned_behaviors,1
turns_keys,1
devil_priest,1
40_remove,1
come_grief,1
answers_agree,1
grouse_he,1
no_woman,1
this_union,1
sits_back,1
pass_no,1
up_tight,1
cools_his,1
him_i've,1
this_aright,1
he_45,1
stories_into,1
god_it's,1
among_images,1
menhould_makes,1
taken_her,1
trough_an,1
saint_george,1
went_well,1
crucifix_as,1
large_costly,1
105_she'll,1
suitor_past,1
woman_tells,1
her_courier,1
stay_20,1
her_urgently,1
fast_as,1
she_thinking,1
as_blind,1
omitting_65,1
pledges_he'd,1
ninny_he,1
since_pleasure,1
unless_he,1
drink_food,1
high_she,1
go_fetch,1
was_gracious,1
says_all,1
said_now,1
harm_she,1
up_will,1
grand_old,1
him_what,1
crier_has,1
up_into,1
time_do,1
longer_till,1
cowed_hearing,1
wished_nor,1
dead_some,1
paid_her,1
fur_wraps,1
do_who,1
door_home,1
prayer_chanted,1
fiery_pit,1
his_greeting,1
god_our,1
when_divine,1
fed_65,1
she_try,1
she_died,1
way_thinking,1
direction_keeping,1
their_whores,1
gelded_priest,1
come_290,1
squirrel_other,1
fortune_led,1
hundred_folk,1
far_when,1
once_old,1
want_riches,1
125_priest,1
bends_his,1
way_hear,1
eaten_all,1
if_conceive,1
scriptures_say,1
ready_quickly,1
when_comes,1
use_pleasure,1
been_born,1
all_irate,1
would_make,1
own_mean,1
lady_well,1
knight_takes,1
all_men,1
might_demand,1
bed_credo,1
or_niggardly,1
he_created,1
way_treat,1
other_115,1
had_them,1
plain_daughter,1
done_heart,1
starts_crying,1
didnt_make,1
well_have,1
her_mind,1
his_cloak,1
bishop_bishop,1
his_breast,1
now_tell,1
came_which,1
well_says,1
voice_melodious,1
had_they,1
chaplain_said,1
rose_her,1
did_press,1
her_beauty,1
seems_they,1
its_use,1
priest_feeling,1
225_than,1
says_i'd,1
inhabit_however,1
out_garments,1
145_duping,1
an_old,1
virtuous_outside,1
way_come,1
would_not,1
luck_meet,1
make_20,1
contents—_345,1
offense_by,1
virgin_as,1
not_benefit,1
knew_her,1
all_if,1
as_another,1
fast_15,1
worth_while,1
modestly_nobly,1
oh_would,1
deceitful_priest,1
their_noses,1
whom_his,1
forbidden_by,1
night_seems,1
accursed_when,1
him_ride,1
arms_was,1
or_not,1
stiffer_her,1
enough—it_elated,1
clerics_do,1
fit_companion,1
before_eyes,1
douai_green,1
within_chaplains,1
but_since,1
down_dine,1
would_varmints,1
wasnt_born,1
say_exactly,1
instead_dear,1
prostrate_his,1
other's_cloth,1
at_putting,1
jug_wine,1
do_get,1
thinks_it's,1
crown_135,1
would_quite,1
hearty_welcome,1
perfect_place,1
make_blind,1
earthly_need,1
when_dear,1
shapely_marian,1
expected_her,1
give_even,1
has_say,1
scorn_performers,1
her_365,1
goose_again,1
other_145,1
stands_reason,1
answers_back,1
day_has,1
woman_will,1
swears_god,1
she_peels,1
drinking_wine,1
piercing_shrieks,1
now_no,1
chamber_door,1
by_all,1
10_garlic,1
had_mother,1
why_he'll,1
say_eschew,1
clothing_45,1
reeds_did,1
capons_pullets,1
balls_citterns,1
85_these,1
son_nearly,1
her_i've,1
mother's_blessing,1
barrel_he'd,1
than_itches,1
left_him,1
wish_say,1
but_fair,1
are_evidence,1
those_virile,1
street_priest,1
o_cant,1
till_sunday,1
quickly_polished,1
295_could,1
turned_down,1
dealt_wickedly,1
running_still,1
else_alexander,1
thinking_their,1
hanging_tortures,1
also_an,1
all_creatures,1
by_sure,1
80_priestly,1
lifts_friar,1
bishop_set,1
he_feels,1
set_when,1
teach_her,1
you're_deceitful,1
though_searched,1
room_where,1
carrying_barrel,1
bother_dark,1
indeed_if,1
look_through,1
weeping_grieved,1
dear_between,1
hundred_pounds,1
openhanded_them,1
she_wasnt,1
swear_by,1
i've_something,1
expect_his,1
noses_peasant,1
instead_gulp,1
done_he,1
souls'_sake,1
but_they,1
dark_cloth,1
bayeux_think,1
kith_or,1
then_she,1
guile_found,1
dress_5,1
went_stay,1
well_woven,1
reproof_has,1
require_she,1
door_possessed,1
then_there,1
frame_made,1
his_mayhem,1
begins_swear,1
bishop_did,1
had_table,1
said_except,1
worthy_man,1
aught_concerning,1
from_eternal,1
so_they'd,1
needs_make,1
his_glance,1
niggardly_whoever,1
priest_never,1
not_sit,1
le_normand,1
goes_back,1
find_any,1
contrary_it's,1
where_must,1
league_had,1
before_turn,1
said_lord,1
up_close,1
this_womans,1
honor_if,1
them_his,1
marian_wasnt—it,1
as_virgin,1
how_unfitting,1
go_325,1
ordain_65,1
85_him,1
enfranchised_master,1
too_she's,1
created_by,1
bitter_woman,1
25_him,1
over_ensnared,1
you'll_excommunicated,1
someone_let,1
buy_daughter,1
awful_gaffe,1
words_says,1
chaplain_thinks,1
dinners_scraps,1
have_has,1
position_honest,1
their_trust,1
then_without,1
us_next,1
have_20,1
her_could,1
menhould_says,1
have_done,1
heart_everything,1
store_where,1
pled_two,1
holy_spirit,1
i've_always,1
seeks_vilify,1
then_two,1
white_throat,1
speak_woman,1
place_decked,1
while_certain,1
long_top,1
citterns_tabors,1
who_goes,1
word_us,1
fine_dark,1
great_probity,1
so_shamefully,1
devil_gathered,1
more_urging,1
first_week,1
say_sour,1
taken_by,1
his_selection,1
filling_bedroom,1
bump_her,1
chest_an,1
anyone_310,1
eum_church,1
takes_off,1
green_i've,1
least_formality,1
him_prayed,1
what_ordain,1
him_wise,1
god's_holy,1
help_priest's,1
had_come,1
dismissed_those,1
wise_chaplain,1
they_met,1
answers_him,1
supposed_go,1
spread_where,1
tonight_chaplain,1
rejoinder_priest,1
out_when,1
details_what,1
carried_away,1
scene_15,1
girl_no,1
saint_simon,1
permission_drink,1
140_as,1
30_he,1
hot_he,1
married_knight,1
unaffected_sweet,1
they_drank,1
he'll_drink,1
she'll_find,1
out_fun,1
night_wolf,1
have_moving,1
alison_whom,1
must_comply,1
from_douai,1
her_snare,1
very_wickedly,1
woman_isnt,1
misgivings_priest,1
give_blessing,1
had_delivered,1
keep_her,1
105_wasnt,1
passed_pit,1
down_all,1
he's_sewn,1
different_priest,1
virginal_innocent,1
140_wanton,1
not_come,1
priestly_class,1
happened_stray,1
him_fell,1
fetch_140,1
someone_who'll,1
sure_will,1
rebuke_50,1
fine_education,1
well_satisfied,1
permit_oh,1
woman_up,1
hand_sits,1
heart_grieved,1
very_wise,1
telling_do,1
way_you'd,1
she_laid,1
brothers_living,1
himself_he,1
vestments_was,1
pretext_steps,1
cumin_chaplain,1
yours_till,1
left_inside,1
best_can,1
mahauld_you've,1
by_trickery,1
pounds_he,1
lord_who,1
when_lie,1
been_carved,1
sing_beautifully,1
appeal_bishop,1
345_pound,1
when_drags,1
wrongfully_taking,1
worse_than,1
nine_times,1
35_everyone,1
text_as,1
goes_against,1
after_his,1
normandy_wrote,1
doesnt_linger,1
not_found,1
desired_provided,1
god_auberée,1
often_buy,1
yourself_ready,1
fable_clearly,1
or_kin,1
upon_consideration,1
do_as,1
lengthy_passions,1
little_care,1
beaten_ground,1
do_devil,1
praise_thus,1
at_knight's,1
get_there's,1
chatter_talk,1
brought_gifts,1
other_priest,1
right_proper,1
running_tore,1
he_wouldnt,1
act_if,1
she_winked,1
whose_shapely,1
back_25,1
him_no,1
earth_takes,1
wait_it's,1
also_created,1
enough_where,1
thought_he's,1
an_end,1
spade_he,1
clever_might,1
fur_gain,1
girl_became,1
virtue_paid,1
dark_tumbled,1
face_regard,1
fun_this,1
his_three,1
mother_rightfully,1
went_got,1
god_holiness,1
built_there,1
reason_ere,1
his_bed,1
was_madame,1
creatures_belong,1
butcher_knew,1
onto_road,1
when_have,1
her_much,1
so_often,1
he'd_put,1
reward_he's,1
fated_because,1
week_or,1
clever_was,1
prevent_him,1
passion_fabliau,1
early_thought,1
rested_there,1
save_them,1
hand_brush,1
perceive_her,1
bring_message,1
he_screwed,1
our_bishop's,1
pruning_hooks,1
go_hell,1
cried_barrabam,1
come_reminding,1
how_go,1
come_her,1
eyes_25,1
save_grant,1
knew_was,1
less_pure,1
330_plenty,1
trust_girl,1
405_him,1
who_took,1
use_cord,1
he's_filled,1
preaching_85,1
before_who,1
says_not,1
three_grave,1
buy_his,1
tools_close,1
take_off,1
fallen_10,1
herbs_as,1
priest_wolf,1
220_gave,1
he_used,1
must_have,1
violating_god's,1
church_resounded,1
thereupon_he,1
govern_knights,1
led_you're,1
tunic_fit—,1
lay_hand,1
these_friars,1
lavishly_neednt,1
he_were,1
ask_agree,1
afford_profounder,1
out_knight,1
wolf_priest,1
pit_15,1
20_weak,1
ways_away,1
man_disguised,1
everything_miss,1
'd_no,1
have_understood,1
he_does,1
subterfuge_deceived,1
prayer_she'd,1
till_doomsday,1
drink_no,1
said_alphabet,1
lamb's_fleece,1
between_themselves,1
minor_do,1
at_every,1
she_dare,1
holding_candle,1
370_what,1
two_knights,1
maiden_gave,1
they'd_plotted,1
husband_dear,1
grace_those,1
220_serve,1
small_change,1
benefit_by,1
415_stick,1
will_prevent,1
vilify_them,1
heartily_guffawed,1
shall_know,1
accordance_direction,1
plan_195,1
bishop_lived,1
right_have,1
home_when,1
swear_upon,1
husband_can,1
time_here,1
gulping_gave,1
wife_annoyed,1
fun_came,1
meant_hanging,1
hermit_or,1
about_roger,1
his_ease,1
something_made,1
which_bishop,1
by_oise,1
200_benedico,1
her_whom,1
owes_i've,1
suspended_80,1
have_eat,1
she_wished,1
friar_275,1
money_double,1
none_perceived,1
all_was,1
one_whose,1
exposure_brother,1
fair_comely,1
location_he'd,1
their_cunts,1
70_cut,1
god_whom,1
himself_concealed,1
messes_while,1
also_one,1
give_peas,1
some_business,1
as_knights,1
farted_her,1
cloth_he,1
laugh_hear,1
saw_him,1
bamboozled_he,1
loosed_most,1
town_priest,1
across_withers,1
am_compelled,1
then_both,1
not_bring,1
fun_bishop,1
pea_straw,1
fool_would,1
being_sad,1
loft_hercelot,1
cents_minted,1
disdain_act,1
unless_all,1
certainly_if,1
wasted_fucking,1
nor_planned,1
wolf_who,1
full_drink,1
serve_our,1
helps_around,1
will_go,1
eh_what,1
cloak_off,1
cry_out,1
he'll_get,1
crucifixes_he,1
precious_as,1
from_spite,1
maiden_wept,1
most_necessary,1
death_cast,1
old_die,1
he_120,1
wasnt_much,1
cloth_his,1
son_as,1
name_laid,1
they'd_agreed,1
heels_waits,1
sticks_left,1
squats_down,1
witness_thought,1
time_until,1
his_book,1
proud_vain,1
without_hesitating,1
375_alison,1
put_him,1
brother_30,1
propose_undertake,1
till_then,1
70_how,1
francis_live,1
ensnared_already,1
bitter_cup,1
overseer_second,1
word_he,1
turning_against,1
tossed_down,1
totally_heat,1
he_thus,1
pages_his,1
both_his,1
now_go,1
inspection_order,1
gives_her,1
out_inheritance,1
before_altar,1
to't_dug,1
overflowed_intense,1
share_he'd,1
bishop_got,1
her_crown,1
earth_by,1
conjugality_25,1
aloud_no,1
knight_he,1
as_great,1
could_made,1
three_orders,1
but_were,1
slighted_though,1
indeed_by,1
us_got,1
was_true,1
head_fool,1
peasant's_son,1
herself_besides,1
wife_now,1
avail_careful,1
by_head,1
trust_soul,1
desire_within,1
if_he'd,1
else_would,1
you've_said,1
has_gone,1
had_high,1
give_woman,1
affirms_not,1
sturdy_carver,1
accorded_her,1
says_let,1
here_dinner,1
this_community,1
as_desire,1
20_we're,1
leave_indeed,1
cried_after,1
denise_has,1
till_handle,1
deceived_all,1
20_cunt,1
then_each,1
name_town,1
endurance_since,1
had_look,1
those_people,1
asked_all,1
he_thinks,1
suspended_this,1
silver_belt,1
seculorum_secula,1
announces_she'll,1
trickery_220,1
did_very,1
there_as,1
show_his,1
bowels_there,1
cross_tell,1
keep_mum,1
head_i'll,1
beguiled_virgin,1
his_atelier,1
this_way,1
he's_trouble,1
would_come,1
140_location,1
whether_she's,1
wish_good,1
asked_fur,1
or_count,1
tool_earth,1
know_certainty,1
hemmed_by,1
fair_as,1
205_him—you,1
this_she,1
although_you're,1
directly_his,1
fabliaux_200,1
home_his,1
then_closes,1
that's_what,1
vestments_ought,1
may_as,1
by_devils,1
food_was,1
she's_out,1
abode_who,1
sister_or,1
bed_menhould,1
their_priests,1
fancied_he,1
i'd_place,1
head_this,1
womans_simple,1
he_game,1
saw_them,1
there's_fine,1
torments_but,1
life_worthy,1
shiny_coins,1
have_accept,1
every_word,1
maidenhead_stay,1
15_or,1
led_till,1
chaplain_eyed,1
passion_head,1
accepts_as,1
she'd_need,1
ordered_prepared,1
45_unless,1
you've_bidden,1
50_if,1
catch_chaplain,1
priest_then,1
310_room,1
outside_awhile,1
which_he'll,1
girl_what,1
willingly_or,1
woman_raised,1
apart_battered,1
lady_can,1
their_rents,1
this_parable,1
hercelot_who'd,1
lord_go,1
said_god,1
easily_daunted,1
went_speak,1
blessing_right,1
have_scorned,1
been_said,1
was_front,1
caught_by,1
enough_their,1
people_take,1
man_35,1
lady_called,1
objection_nor,1
275_money,1
245_then,1
let_his,1
nice_or,1
gusto_what,1
been_knight,1
never_stirred,1
if_she,1
was_located—he,1
340_who's,1
reward_sort,1
you'll_drink,1
all_own,1
woman_lived,1
priest_indulged,1
women_old,1
been_set,1
things_which,1
normand_all,1
church_such,1
protection_accordance,1
says_i've,1
50_started,1
him_210,1
behaved_great,1
tell_rarity,1
door_400,1
denise_cuts,1
such_good,1
bathe_bath,1
seemly_her,1
light_170,1
give_gifts,1
carrying_master,1
proverb_has,1
this_if,1
down_lie,1
while_40,1
whom_serve,1
lecherous_so,1
days_end,1
cheap_or,1
he_put,1
mouth_but,1
if_you'll,1
first_quite,1
weighed_heavy,1
clothes_tailored,1
her_psalter,1
hidden_his,1
175_he,1
fool_just,1
95_bishop,1
was_birth,1
so_good,1
kid_not,1
sort_cleric,1
said_there's,1
150_no,1
too_rough,1
his_leave,1
locked_brother,1
child_bore,1
face_by,1
cloaks_fine,1
one_will,1
tight_which,1
as_pretext,1
he_first,1
not_alarm,1
girlfriend's_everything,1
from_his,1
yearning_he's,1
reassurance_could,1
generous_openhanded,1
had_taken,1
explains_there's,1
steed_he,1
simon_moves,1
taste_goose,1
wealth_his,1
make_confession,1
she's_dead,1
because_woman,1
time_wasted,1
tied_up,1
was_called,1
pair_off,1
thought_bishop,1
forbidden_thus,1
i'll_gladly,1
exactly_as,1
her_priest,1
congratulations_above,1
prepare_55,1
last_when,1
holy_saints,1
dear_so,1
her_125,1
pronounce_make,1
105_buy,1
very_lovely,1
table_full,1
wandering_scholars,1
pit_along,1
all_minstrels,1
called_wife,1
says_upon,1
priest_read,1
now_hear,1
seen_her,1
away_but,1
roared_laughter,1
command_hercelot,1
all_but,1
ma'am_by,1
290_she,1
priest's_affairs,1
wines_which,1
throughout_its,1
details_285,1
chaplain_can,1
her_accompany,1
go_walking,1
say_5,1
they'll_go,1
raise_right,1
wind_weeping,1
patently_explains,1
let's_take,1
earth_all,1
lovemaking_let,1
arles_because,1
old_beldame,1
only_then,1
her_now,1
threw_his,1
little_goat,1
was_doing,1
mother_its,1
jewelry_330,1
25_he,1
simons_fondness,1
time_view,1
miracles_clerk,1
thought_he'd,1
worth_more,1
she_stole,1
pleasure_thus,1
lie_face,1
him_brother,1
lost_taste,1
go_yourself,1
large_storage,1
worthy_use,1
arranged_when,1
his_strength,1
much_say,1
she_should,1
apparel_two,1
eustace_cannot,1
need_post,1
gird_friar's,1
those_good,1
then_whether,1
30_see,1
same_town,1
his_balls,1
15_entertainers,1
it's_all,1
came_pass,1
gifts_she's,1
i'll_not,1
save_hide,1
about_coat,1
writ_90,1
bark_unviolated,1
martin_sire,1
40_among,1
altogether_190,1
loved_been,1
cloister_before,1
get_i'll,1
poor_old,1
meet_then,1
115_pledges,1
win_their,1
girl_come,1
cape_15,1
saint_eustace's,1
mother_deny,1
show_great,1
backs_when,1
time_at,1
heart_makes,1
felt_great,1
all_they,1
as_no,1
leisure_activity,1
court_50,1
lady'd_taken,1
her_maidenhead,1
treat_as,1
they_beat,1
lifted_sheets,1
certainty_i'd,1
loved_wife,1
priest_lived,1
they_give,1
hearth_60,1
being_intelligent,1
do_father,1
auberée_he,1
bishop_heartily,1
give_him,1
heavy_sticks,1
can_sure,1
certainly_goes,1
were_coming,1
best_as,1
cellar_stocked,1
we've_done,1
she_wont,1
155_she,1
prayed_god,1
when_come,1
assail_maiden,1
or_respect,1
delay_80,1
birth_accursed,1
dancing_balls,1
cream_all,1
spent_when,1
hand_then,1
crowbar_his,1
licorice_spice,1
professional_expertise,1
priestly_privilege,1
down_her,1
proceed_if,1
based_merchant,1
work_has,1
god_save,1
sit_well,1
she's_given,1
stores_supplied,1
head_butcher,1
by_rejoinder,1
her_hercelot,1
place_they,1
i've_poured,1
her_335,1
than_league,1
wraps_first,1
harm_from,1
smile_195,1
sweet_child,1
rarity_nonpareil,1
such_drivel,1
by_lord,1
ever_crowed,1
secret_cut,1
polite_sweetheart's,1
womans_no,1
converted_45,1
son_190,1
eat_good,1
laughing_sly,1
need_hardly,1
franciscans_would,1
live_among,1
chaplain_tells,1
time_start,1
lured_her,1
most_devotedly,1
swears_will,1
laid_out,1
goose_no,1
tête_à,1
eat_ganders,1
left_bowing,1
making_sure,1
ready_who's,1
use_lady,1
body_anyone,1
may_please,1
this_question,1
command_70,1
ganders_galore,1
250_but,1
meal_dace,1
wine_have,1
all_while,1
stated_give,1
would_have,1
been_dead,1
another_bite,1
living_order,1
good_things,1
mayhem_every,1
off_passion,1
business_arrange,1
just_about,1
out_but,1
incline_at,1
brought_one,1
wasnt_at,1
sooner_pontoise,1
capons_fat,1
have_gulp,1
said_because,1
yes_dotage,1
an_ingratiating,1
count_would,1
parish_thinks,1
come_do,1
215_you'd,1
50_falls,1
corrected_omission,1
then_they,1
she'd_lost,1
would_lead,1
very_proud,1
place_she,1
but_girl,1
home_75,1
everything_him,1
more_can,1
that's_merchant,1
how_telling,1
clerk_230,1
flock_25,1
debt_will,1
coat_also—with,1
no_office,1
town_cools,1
she'd_learned,1
poor_wretch,1
answer_maiden,1
lord_corrected,1
spades_threshers,1
suit_clothes,1
known_her,1
see_35,1
they're_clamoring,1
which_were,1
fine_dinners,1
chaplain_had,1
doomsday_not,1
guess_she'd,1
thing_most,1
blond_hair,1
hateful_deceitful,1
inside_rotten,1
was_alexander,1
forbids_him,1
all_good,1
her_off,1
all_delights,1
hawthorn_flower,1
or_purge,1
confess_sins,1
left_marks,1
evidence_they,1
know_more,1
305_gently,1
his_face,1
shit_through,1
was_convinced,1
might_have,1
newly_budding,1
man_came,1
dace_at,1
merchant_who,1
hordes_15,1
been_cordelier,1
her_voice,1
hurries_home,1
morning_air,1
bred_noblewoman,1
joy_as,1
door_350,1
out_straightaway,1
who_sends,1
untrue_which,1
womans_incomplete,1
strains_this,1
225_swear,1
buy_good,1
he_set,1
enemy_yours,1
he's_not,1
serve_church,1
spent_an,1
god's_care,1
he_squatted,1
says_hence,1
tell_say,1
knights_go,1
he_begged,1
confrere_walking,1
what_want,1
hatchway_onto,1
son_can,1
110_seeing,1
bishop_takes,1
front_him,1
gifts_daughter,1
riding_their,1
her_given,1
lifts_up,1
his_mount,1
longer_waited,1
polished_off,1
looking_saw,1
else_grieve,1
stopped_rested,1
10brother_denise,1
sure_hear,1
no_guile,1
must_give,1
directed_go,1
brother_brother,1
too_10,1
fared_bath,1
somewhere_stay,1
expertise_she,1
sterling_currency,1
as_case,1
an_incline,1
crucified_priest,1
though_leave,1
were_well,1
this_morning,1
credo_alphabet,1
preoccupied_confrere,1
dine_he,1
began_cry,1
will_gird,1
why_there's,1
profit_she,1
her_tunic,1
at_first,1
25_shut,1
agreed_promptly,1
battered_down,1
once_possessed,1
135_sir,1
such_lovely,1
325_i've,1
him_sire,1
task_fulfilled,1
55_she,1
home_some,1
regret_40,1
church's_riches,1
opened_up,1
tricked_none,1
he_she,1
by_155,1
hear_how,1
was_glad,1
plotted_being,1
prelate's_bed,1
adam_created,1
leaned_down,1
has_his,1
room_by,1
pay_dear,1
will_just,1
off_goes,1
third_bump,1
her_out,1
overhead_priests,1
rebel_by,1
went_following,1
prepared_before,1
from_stream,1
devil_said,1
or_wrongfully,1
no_clothes,1
15_day,1
hercelot_answers,1
spades_gave,1
priest_found,1
why_you've,1
210_this,1
off_her,1
stipend_have,1
lord_pardon,1
chest_which,1
175_led,1
keeping_their,1
75_worthy,1
gone_far,1
get_another,1
her_come,1
his_mind,1
all_brothers,1
wasted_bishop,1
here_you'd,1
said_giving,1
bloodred_made,1
own_mother,1
every_night,1
was_created,1
what_he's,1
otherwise_forbid,1
by_our,1
understand_how,1
out_wood,1
she_must,1
what_false,1
meaning_honest,1
church_he'd,1
65_certainly,1
install_her,1
trees_shady,1
his_clothes,1
serve_most,1
fairest_spots,1
pointlessly_again,1
have_ever,1
some_cushions,1
defied_his,1
altar_she,1
beyond_doubt,1
england_far,1
our_deal,1
change_their,1
gladly_do,1
can_he'll,1
beating_fun,1
his_straws,1
have_suspended,1
openly_priest,1
330_had,1
bruised_beaten,1
plate_so,1
by_con,1
time_denise,1
280_make,1
between_her,1
tell_it's,1
where_secret,1
such_gusto,1
anything_will,1
reproached_him,1
blessed_hour,1
said_felt,1
their_abode,1
understood_well,1
thinking_sermon,1
mother_church's,1
cost_him,1
waiting_priest,1
market_they,1
have_fish,1
they_250,1
set_his,1
isnt_room,1
their_actions,1
he's_pushed,1
fire_kindled,1
starting_grumbling,1
been_caught,1
as_wellthey,1
him_tell,1
no_pilgrim,1
sure_am,1
however_poor,1
dowry_was,1
grow_stiffer,1
less_than,1
feather_beds,1
by_savior,1
since_he,1
70_from,1
god's_command,1
was_150,1
she_suffers,1
said_25,1
wouldnt_let,1
you've_provided,1
time_or,1
performers_who,1
went_140,1
45_heard,1
knew_he'd,1
bowing_low,1
exercised_his,1
denier_this,1
contents_purse,1
wife_any,1
people_short,1
410_because,1
would_dinnertime,1
table_set,1
she_not,1
was_paid,1
belong_there,1
allowed_dancing,1
80_place,1
would_doubt,1
servants_tow,1
have_left,1
because_her,1
fell_into,1
5_god,1
earth_people,1
priest_sets,1
maintain_have,1
amen_as,1
none_ever,1
very_different,1
lie_her,1
white_wine,1
behave_yourself,1
calais_saint,1
drinking_days,1
was_totally,1
delights_minstrelsy,1
butcher_locality,1
close_up,1
fruit_but,1
down_stone,1
plain_priest,1
made_cunt,1
arms_from,1
was_dismissed,1
275_says,1
disgrace_she,1
at_night,1
chimed_amen,1
sire_looked,1
friar's_belt,1
protest_did,1
cleric_double,1
any_other,1
whose_mine,1
made—_he,1
but_took,1
through_grace,1
people_living,1
wait_mount,1
fit_make,1
mean_devils,1
was_day,1
two_priests,1
their_fast,1
prelate_did,1
him_disapproved,1
which_strut,1
bedtime_try,1
from_high,1
through_their,1
who_must,1
lambasted_all,1
them_instead,1
his_decree,1
peasants_go,1
grow_value,1
wife_related,1
chaplain_could,1
get_alison—,1
sleep_there,1
soul_when,1
feasted_his,1
terrain_marian,1
soul_wont,1
his_heart,1
was_good,1
they_sweep,1
her_sure,1
way_other,1
paid_full,1
down_close,1
sheets_asked,1
may_hurt,1
she_cries,1
told_bishop,1
75_before,1
as_long,1
two_away,1
home_her,1
his_bowels,1
one_complaint,1
day_night,1
gibbet_people,1
40_most,1
between_river,1
night_shiny,1
under_protection,1
propose_peasants,1
man_peasant,1
return_back,1
nobly_295,1
first_he'll,1
10_she,1
know_name,1
lay_some,1
his_sin,1
loose_girl,1
knights_said,1
been_consecrated,1
excellent_draft,1
feint_convinced,1
sight_remain,1
proposed_205,1
woman_left,1
soon_caught,1
lovely_neck,1
girl_bed,1
summoned_priest,1
morning_brother,1
withers_his,1
tonsured_head,1
was_most,1
shred_clothes,1
sweet_precious,1
troupers_when,1
them_only,1
10_close,1
companion_his,1
possess_back,1
will_bring,1
set_before,1
therefore_peasant,1
those_who,1
read_passion,1
still_today,1
their_tête,1
peasants_sown,1
besides_them,1
wickedly_cheap,1
his_ancestry,1
atelier_holding,1
lord_what,1
him_good,1
there_since,1
385_now,1
so_been,1
which_escaping,1
entertainers_bawds,1
what_sir,1
woman_dwelt,1
she_could,1
night_dogs,1
will_wear,1
him_from,1
she_stated,1
near_water,1
novice_there,1
aware_tonsured,1
stick_he,1
are_thinking,1
she_flushed,1
raised_his,1
carver_soon,1
once_led,1
70_face,1
bed_lovemaking,1
she's_cut,1
his_flock's,1
their_bodies,1
contrition_he,1
bad_luck,1
keeping_lord's,1
noble_qualities,1
doing_he,1
honest_man,1
denise_by,1
give_them,1
secret_door,1
hand_speedily,1
who_labors,1
65_that's,1
bathtub_kneels,1
if_have,1
do_modestly,1
straits_procure,1
cutting_tools,1
wont_friend,1
marians_hand,1
closer_her,1
virgin_child,1
took_off,1
wise_will,1
forbade_drink,1
ought_show,1
provins_175,1
regard_her,1
side_this,1
cannot_abide,1
tow_went,1
must_hardened,1
deal_him,1
consider_liar,1
as_wife,1
put_good,1
treasured_each,1
had_go,1
him_way,1
heart_began,1
have_money,1
burrow_placed,1
when_their,1
worn_out,1
him_may,1
whatever_put,1
liked_way,1
whom_she,1
conceal_myself,1
sewn_up,1
his_psalter,1
honor_accorded,1
how_very,1
waterfowl_80,1
put_his,1
down_instead,1
men_live,1
had_so,1
whose_wife,1
stitching_back,1
into_position,1
around_house,1
everywhere_180,1
hand_unclad,1
noble_fair,1
fair_nor,1
any_nor,1
shoes_unbinds,1
leggings_likewise,1
failure_warrant,1
barley_wheat,1
divine_service,1
death_devour,1
have_gall,1
quicker_than,1
will_glad,1
fret_because,1
more_honor,1
he_commands,1
do_favor,1
while_harlots,1
laceration_took,1
teaching_moral,1
grave_misfortune,1
was_an,1
complain_170,1
he's_offered,1
50_him,1
putting_stories,1
treat_so,1
fail_become,1
mantle_nor,1
what_propose,1
such_hateful,1
waiting_unobtrusively,1
300_nothing,1
nor_contradict,1
her_hair,1
pleasure_learned,1
confession_no,1
lie_women,1
hercelot_tells,1
take_ease,1
he_should,1
pardon_transgression,1
end_her,1
intends_lie,1
aid_assistance,1
him_quickly,1
book_10,1
himself_closer,1
whores_get,1
he_led,1
30_mother,1
fold_up,1
all_only,1
which_dine,1
then_returned,1
returned_chaplain,1
husband_made,1
sort_160,1
attire_wont,1
silly_goat,1
ever_known,1
there_105,1
cloth_many,1
any_time,1
when_she'd,1
everything_own,1
bought_sold,1
hear_confession,1
devil_answered,1
itches_get,1
antichrist_holds,1
shaking_from,1
taken_priest,1
wine_went,1
priest_made—,1
but_old,1
take_whatever,1
first_squirrel,1
he's_overseer,1
find_maiden,1
made_fine,1
thinking_95,1
would_spend,1
mount_ride,1
this_his,1
carved_out,1
wore_wouldnt,1
gave_suckle,1
idea_but,1
90_he,1
dresses_placed,1
competence_aught,1
young_miss,1
dresses_by,1
drapery_curtains,1
waits_around,1
why_did,1
230_arguments,1
this_true,1
incomplete_by,1
pleased_him,1
make_up,1
saw_loose,1
him_without,1
going_now,1
hearted_easily,1
but_many,1
one_them,1
i'll_allow,1
them_until,1
indulged_his,1
an_mans,1
intent_hide,1
man_or,1
goose_she'd,1
pound_if,1
spied_his,1
night_has,1
gently_said,1
water_madame,1
hearing_them,1
where_was,1
so_great,1
could_hide,1
much_i'll,1
their_house,1
knew_she,1
day_185,1
making_her,1
spoke_no,1
à_tête,1
cunts_no,1
league_or,1
someone_who's,1
wont_give,1
head_peasant's,1
show_but,1
25_or,1
he_states,1
ere_grow,1
fear_possible,1
habit_whatever,1
his_hanging,1
these_women,1
chaplain_wasnt,1
this_nor,1
gets_sixty,1
intense_joy,1
out_whom,1
deep_crevice,1
treasure_doesnt,1
walking_bit,1
great_deep,1
still_her,1
up_'im,1
time_leave,1
hesitation_30,1
9_cunt,1
thought_she'd,1
tell_mr,1
laughter_upon,1
bodies_house,1
shouldnt_wait,1
cwm_he,1
but_her,1
intimidated_hear,1
whenever_her,1
make_soft,1
all_mother,1
wrenched_heart,1
heart_overflowed,1
again_110,1
turned_her,1
without_light,1
sector_30,1
knights_peasantry,1
do_job,1
her_white,1
been_promised,1
harness_between,1
peasant_but,1
right_tenderly,1
fair_flower,1
cress_she,1
seeing_all,1
demeanor_quite,1
upon_hearing,1
she'll_catch,1
see_fat,1
aggravate_when,1
135_upon,1
but_lady,1
con_call,1
birth_if,1
says_lady,1
by_now,1
as_cover,1
her_converted,1
420_they,1
were_looking,1
anything_else,1
clerk_immediately,1
she_can,1
her_lord,1
bring_235,1
separation_bishop,1
those_trees,1
dire_straits,1
began_look,1
house_he'd,1
house_10,1
said_hearty,1
up_saving,1
his_member,1
virtue_rare,1
vespers_had,1
kneels_joyful,1
unmarried_lovely,1
pay_right,1
chaplains_set,1
whatever_she,1
deal_from,1
favors_that's,1
his_name,1
sharp_edge,1
have_go,1
woman_answers,1
well_looked,1
says_now,1
desire_save,1
remove_nothing,1
as_pleasant,1
bad_grace,1
priest_took,1
misfortune_fell,1
hiding_when,1
beds_85,1
wherever_he,1
him_everywhere,1
lost_her,1
clergy_assured,1
need_secret,1
board_fifteen,1
has_now,1
clad_all,1
urging_her,1
where_they'll,1
who_bore,1
had_occurred,1
such_booming,1
than_anyone,1
so_priest,1
deceitful_liar,1
given_mother,1
hinder_sector,1
keep_well,1
about_no,1
felt_his,1
place_where,1
her_she'd,1
do_want,1
whores_their,1
would_lie,1
information_215,1
sire_made,1
large_came,1
now_65,1
bishop_went,1
feet_states,1
more_this,1
40_girls,1
try_her,1
or_tail,1
stay_no,1
chosen_200,1
priest_cowed,1
batch_small,1
strayed_from,1
service_do,1
fart_devil,1
night_will,1
living_from,1
wear_tomorrow,1
make_as,1
woman_was,1
gentian_130,1
treatment_denise,1
quickly_threw,1
he_turned,1
260_which,1
she'll_grow,1
penitence_lady,1
friend_135,1
only_stands,1
upon_word,1
by_half,1
but_am,1
cries_mercy,1
all_them,1
lovely_ones,1
suffer_have,1
up_chest,1
35_standing,1
cant_think,1
front_dressed,1
four_hundred,1
loss_over,1
disdain_at,1
who_implicated,1
so_light,1
kin_one,1
still_he,1
tricky_too,1
no_hesitation,1
he's_expected,1
took_batch,1
60_he'll,1
cared_her,1
see_his,1
if_helps,1
her_solemn,1
charge_live,1
simon_indeed,1
there_tell,1
then_gets,1
taking_hag,1
through_through,1
hole_25,1
straws_had,1
who_very,1
wanted_need,1
look_scorn,1
yell_35,1
denise's_rightful,1
feet_priest,1
can_wed,1
tells_fact,1
much_joy,1
work_make,1
memory_him,1
she_begs,1
nor_flax,1
160_know,1
prescription_he's,1
along_prelate,1
woman_memory,1
day_came,1
account_she,1
fable_when,1
women_married,1
hats_made,1
make_statues,1
could_stay,1
130_her,1
she_heard,1
holiness_so,1
drink_some,1
appear_before,1
spell_one,1
can_through,1
went_lie,1
he_hemmed,1
assurance_he,1
priest_60,1
his_back,1
asked_her,1
filled_earth,1
that's_fact,1
accept_she,1
mr_tonsured,1
people_who,1
fast_bends,1
virginity_god,1
text_he's,1
180_what,1
say_when,1
her_new,1
devil_left,1
little_enough,1
comply_our,1
harlotry_holding,1
front_stayed,1
four_us,1
by_passion,1
10_suffer,1
fine_apparel,1
desire_enter,1
still_lived,1
wear_neither,1
young_friend,1
set_hear,1
standing_near,1
are_clothes,1
turn_our,1
up_chamber,1
245_oh,1
him_who,1
had_too,1
world's_pridefulness,1
whom_brought,1
straw_his,1
was_made,1
who_lives,1
so_little,1
heard_information,1
her_newly,1
he_held,1
carried_245,1
put_mother,1
whom_no,1
treat_them,1
felt_more,1
trap_caught,1
60_was,1
hear_cases,1
maid_she,1
here's_someone,1
order_now,1
her_body,1
short_exemplum,1
mother_yours,1
better_priest,1
he'd_placed,1
led_her,1
been_her,1
wealth_plenty,1
daughter_one,1
her_how,1
earth_lord,1
was_leather,1
through_say,1
conceive_child,1
estate_confers,1
done_head,1
tell_truly,1
beauty_was,1
quite_deceived,1
75_pray,1
get_furs,1
sat_there,1
intended_have,1
her_linen,1
daughter_was,1
from_drinking,1
5_if,1
an_awful,1
inquire_saint,1
top_shift,1
would_do,1
sterling_tied,1
his_soul,1
told_enough,1
spite_all,1
gave_up,1
utmost_fulfill,1
live_woman,1
what_he,1
dieu_one,1
dwelt_whom,1
stuffed_his,1
stocked_good,1
window_long,1
say_while,1
him_its,1
please_then,1
well_she,1
145_quietly,1
hammers_adzes,1
his_wont,1
you'd_take,1
maiden_gives,1
why_take,1
probity_everything,1
5_night,1
draft_horse,1
desist_he,1
blessed_her,1
black_blue,1
fashion_his,1
member_priest,1
him_still,1
sir_it's,1
attire_entertainers,1
can_refrain,1
205_at,1
bed_down,1
word_promise,1
was_carp,1
infamy_save,1
stylish_well,1
womens_learned,1
260_all,1
joy_his,1
wellthey_stopped,1
more_nor,1
bore_125,1
saint_lawrence—,1
you'll_suspended,1
she_saw,1
place_our,1
alarm_her,1
as_bishop,1
have_pity,1
even_straw,1
up_comments,1
dont_leave,1
herb_came,1
assured_salvation,1
this_reason,1
did_please,1
greatest_love,1
promise_i've,1
beat_him,1
light_without,1
which_she,1
came_barging,1
henceforth_as,1
lust_has,1
though_there's,1
an_ample,1
lover_too,1
left_fend,1
lady_confess,1
reading_straight,1
not_live,1
work_kindling,1
pose_among,1
swore_would,1
this_irked,1
protestation_when,1
under_his,1
what_do,1
bears_old,1
out_440,1
5_has,1
cruelly_bruised,1
keep_woman,1
through_hatchway,1
100_burning,1
says_wait,1
said_200,1
now_drinking,1
falls_at,1
marian_sturdy,1
as_20,1
205_nor,1
soissons_white,1
night_rob,1
countermands_gets,1
they_approached,1
alphabet_if,1
finis_make,1
not_bear,1
what_can,1
wished_other,1
enters_acts,1
full_no,1
do_him,1
anyone_who,1
subpoena_he,1
candle_give,1
sharing_185,1
i've_been,1
raise_an,1
are_slighted,1
aside_went,1
make_his,1
let's_have,1
used_thrashings,1
or_misgivings,1
drink_such,1
she_orders,1
tithes_donations,1
peter_bishop,1
her_sire,1
come_here,1
long_or,1
harlots_often,1
you've_been,1
caught_sight,1
along_route,1
have_grand,1
child_he,1
cares_what,1
flower_precious,1
tonight_have,1
her_support,1
perform_an,1
confusedly_attempts,1
daughter_who,1
man_220,1
her_or,1
granted_they,1
set_blazing,1
155_gladly,1
reminding_him,1
good_position,1
before_someone,1
good_though,1
head_but,1
score_once,1
which_really,1
glowed_conflagration,1
quick_discover,1
friar_received,1
make_some,1
himself_joy,1
lady_may,1
had_turned,1
were_riding,1
went_off,1
implicated_no,1
he'd_advised,1
fulfilled_he,1
beside_her,1
could_brook,1
who_such,1
65_maiden,1
stayed_open,1
accusation_but,1
mean_no,1
says_thinking,1
virgin_till,1
into_frying,1
was_not,1
by_one,1
explained_she'd,1
bed_best,1
loves_her,1
maid_passed,1
merit_our,1
toss_them,1
dark_ugly,1
he_raised,1
one_womens,1
mother_strict,1
hidden_upon,1
here_meaning,1
nearest_gibbet,1
kept_her,1
respite_130,1
bath_where,1
by_both,1
woman_he,1
he_turns,1
zedoary_30,1
workshop_where,1
has_soon,1
wolf_happened,1
how_priest,1
many_good,1
spied_405,1
from_beginning,1
just_peasants,1
found_today,1
furrow_eh,1
two_or,1
takes_spade,1
story_patently,1
trembling_leaf,1
bite_from,1
through_crack,1
whoever_takes,1
give_fine,1
we'll_have,1
nothing_earth,1
friend_lover,1
next_goes,1
was_first,1
escaping_down,1
15_he,1
265_came,1
table_have,1
friend_50,1
her_virginity,1
very_valuable,1
god_may,1
still_assume,1
as_holy,1
poor_girl,1
they'd_330,1
holds_fast,1
whatever_want,1
so_loathsome,1
near_25,1
tumbled_priest,1
make_head,1
been_womans,1
trip_went,1
clay_then,1
backwards_little,1
promised_265,1
giving_woman,1
woman_had,1
resides_an,1
ample_suit,1
he_tossed,1
335_also,1
who's_his,1
110_there,1
every_woman,1
pit_girl,1
make_him,1
ride_by,1
cape_worth,1
pleasantly_other,1
was_he's,1
child_seems,1
spend_lavishly,1
suckle_did,1
between_calais,1
prelate's_genitalia,1
now_raise,1
word_70,1
carp_grouse,1
believe_acquainted,1
no_evil,1
fashion_till,1
devil_came,1
created_get,1
made_sign,1
found_her,1
says_silly,1
has_nothing,1
pedigree_lady's,1
offers_120,1
what_harm,1
do_between,1
wouldnt_give,1
things_this,1
her_reward,1
sifted_flour,1
gave_his,1
from_senlis,1
compare_240,1
mother_child,1
his_trouble,1
till_day,1
truth_or,1
leave_home,1
he_makes,1
235_much,1
alison_i've,1
one_but,1
hung_spread,1
arms_around,1
consecrated_185,1
her_215,1
torn_apart,1
do_let,1
into_rhyme,1
two_fine,1
thrashings_say,1
good_reward,1
most_sweet,1
go_shop,1
hesitating_see,1
are_damned,1
replied_as,1
frying_pan,1
wouldnt_find,1
unfamiliar_leisure,1
pledge_just,1
80_two,1
leave_this,1
need_assuming,1
dear_child,1
than_twenty,1
sir_from,1
them_or,1
i've_found,1
self_top,1
allow_anyone,1
at_time,1
his_preaching,1
light_master,1
her_then,1
help_what,1
set_up,1
got_whetting,1
breast_growing,1
them_god,1
sir_woman,1
her_dismay,1
again_priest,1
giving_gracious,1
womans_homestead,1
subvert_love,1
were_done,1
girl_neither,1
an_apple,1
first_has,1
as_was,1
made_an,1
chartrain_loved,1
no_loss,1
have_thought,1
apparel_has,1
supports_harlotry,1
160_gift,1
gentle_morning,1
her_seemly,1
might_do,1
never_wearied,1
among_husband's,1
job_he,1
convinced_her,1
throat_lovely,1
couldnt_come,1
search_his,1
that's_why,1
took_tell,1
close_bed,1
she_he,1
mishap_may,1
parable_has,1
she_most,1
she_rose,1
this_business,1
old_time,1
deed_use,1
more_indeed,1
makes_spacious,1
makes_him,1
gifts_he'd,1
what_must,1
he_wore,1
now_i've,1
terrified_priest,1
made_filled,1
figures_first,1
had_made,1
grumbling_he,1
carries_about,1
mine_other,1
advised_friar,1
first_climb,1
purge_these,1
could_comforted,1
amputation_priest,1
hot_topic,1
other_but,1
by_great,1
god's_service,1
than_his,1
daughter_nor,1
get_little,1
not_more,1
alison_needed,1
denise_at,1
story_i've,1
he's_due,1
belt_he'd,1
say_two,1
friendship_neighborliness,1
dead_forthwith,1
his_parent,1
forty_shillings,1
them_deigned,1
made_ready,1
dare_but,1
assemble_then,1
had_agreed,1
dominus_domino,1
heaped_any,1
eat_peppered,1
us_tale,1
fish_jumps,1
helps_100,1
then_did,1
breast_i've,1
drop_off,1
take_steed,1
her_mouth,1
unfitting_must,1
struck_85,1
chanted_as,1
was_held,1
created_woman,1
owe_saint,1
so_here's,1
have_heard,1
tonsured_find,1
tell_true,1
right_willingly,1
dam_instead,1
wife_carried,1
curtains_flapping,1
just_making,1
wishes_70,1
business_410,1
along_decision,1
he's_teaching,1
get_much,1
agree_deed,1
bed_tonight,1
close_beside,1
heart_will,1
been_such,1
them_our,1
seems_treasured,1
him_her,1
must_do,1
sake_whereas,1
walking_streets,1
born_noble,1
way_5,1
desire_should,1
given_leave—,1
relieved_all,1
here's_what,1
world_virtuous,1
90_down,1
thinks_things,1
where_are,1
hurried_fifteen,1
came_running,1
who'd_made,1
neither_thinks,1
than_stray,1
from_milan,1
delight_recreation,1
believe_lie,1
will_old,1
pounds_posthaste,1
fairest_creature,1
neither_noble,1
rob_or,1
henceforth_give,1
orders_him,1
please_lord,1
lovely_creature,1
hear_answer,1
if_will,1
front_her,1
lady_answers,1
made_reply,1
he_heard,1
them_caused,1
open_wide,1
chaplain_saint,1
entire_week,1
will_possess,1
he_got,1
head_he'd,1
tidy_profit,1
much_urging,1
not_omitting,1
were_church,1
friar_up,1
175_based,1
also—with_train—,1
compelled_tell,1
two_fresh,1
you'll_so,1
fashion_by,1
back_into,1
evil_she,1
help_him,1
put_light,1
among_entourage,1
someone_clever,1
from_bone,1
priest_since,1
210_whose,1
take_dump,1
165_old,1
'im_150,1
if_sought,1
25_spades,1
they_could,1
i'd_do,1
her_consideration,1
old_pal,1
anymore_105,1
grieved_beyond,1
scraps_messes,1
done_now,1
posterior_furrow,1
whomever_land,1
court_at,1
do_say,1
25_shaking,1
priest_himself,1
holy_writ,1
every_earthly,1
from_alexandria,1
earth_as,1
openly_grieves,1
solemn_vow,1
dear_young,1
young_lady,1
scorned_so,1
endowed_baffled,1
last_more,1
once_say,1
efforts_just,1
dresses_sleep,1
i've_given,1
priest_could,1
drew_her,1
way_whose,1
came_profligates,1
varmints_their,1
sitting_down,1
bishop_mightily,1
owed_openly,1
some_provision,1
free_from,1
pottage_bad,1
most_injurious,1
who's_nothing,1
bone_she,1
here_as,1
his_every,1
worth_forty,1
wed_had,1
new_pieces,1
pleasant_35,1
saw_lovely,1
high_pedigree,1
placed_close,1
wants_do,1
depended_care,1
thoughts_his,1
she_told,1
just_keep,1
promise_she,1
which_there,1
15_would,1
give_all,1
not_gone,1
stone_50,1
disgrace_235,1
him_only,1
cause_complain,1
an_open,1
said_wretch,1
70_day,1
have_bread,1
either_never,1
unobtrusively_her,1
raised_din,1
they_all,1
nursed_hanged,1
folk_what,1
didnt_give,1
they've_destroyed,1
had_lavish,1
said_as,1
costly_clothes,1
let_her,1
his_girlfriend's,1
till_bishop,1
must_live,1
thereupon_openly,1
140_priest,1
some_twist,1
genitalia_left,1
take_word,1
her_thighs,1
where_i've,1
time_he'd,1
undoubtedly_put,1
off_their,1
among_trees,1
whose_behavior,1
without_slightest,1
130_he,1
facedown_both,1
good_men,1
double_chin,1
started_speaking,1
one_surpassed,1
without_fail,1
flushed_her,1
straightaway_he,1
joyful_carefree,1
just_cause,1
coins_have,1
had_search,1
his_cunning,1
daughter_as,1
what_madame,1
him_fac,1
wonderful_tell,1
by_dark,1
have_hunted,1
valuable_when,1
own_govern,1
position_20,1
priest_fared,1
i'll_fix,1
think_brother,1
priest_go,1
let_brother,1
artfulness_was,1
lay_bare,1
wretch_got,1
overcoat_drape,1
mind_surely,1
possible_exposure,1
taking_bite,1
sermon_more,1
115_i'll,1
no_fruit,1
there_hercelot,1
mere_apprentice,1
sly_as,1
these_dire,1
he_arrives,1
people_over,1
cunt_so,1
will_well,1
time_30,1
joy_than,1
urgently_lady,1
mans_front,1
cyr_whom,1
around_as,1
he'd_make,1
bishop's_given,1
than_not,1
which_william,1
said_by,1
or_twelve,1
nothing_but,1
were_taking,1
known_man,1
holiness_mother's,1
hercelot_went,1
devour_all,1
prayer_he,1
comely_still,1
engraved_her,1
who'd_loved,1
will_he,1
daunted_not,1
better_tool,1
she's_winning,1
she_sleep,1
by_who,1
before_bedtime,1
shut_up,1
65_counted,1
off_four,1
simon_believe,1
till_was,1
abide_day,1
130_having,1
he's_said,1
priests_finalize,1
been_better,1
holy_carvings,1
wife_greatest,1
ever_come,1
made_shock,1
then_cries,1
see_fit,1
girl_taken,1
you've_advised,1
they_get,1
stifled_laughter,1
light_fire,1
his_creatures,1
fact_he,1
staring_at,1
said_ma'am,1
clearly_lets,1
off_arles,1
been_heaped,1
hour_birth,1
taking_holy,1
priest_see,1
estates_two,1
lady_convinced,1
soon_pass,1
about_those,1
crevice_could,1
short_quite,1
she'd_made,1
go_about,1
them_generously,1
house_here's,1
no_opposition,1
his_noble,1
resemble_those,1
this_one,1
butcher_struck,1
all_us,1
wondrous_marvel,1
faith_you'll,1
priest_father,1
her_merchandise,1
outside_250,1
fire_back,1
surely_no,1
cup_have,1
days_gone,1
her_every,1
heard_counsel,1
marvel_by,1
innocent_alison,1
who_priest,1
could_spot,1
sir_do,1
75_they,1
who'll_make,1
agreed_likewise,1
gracious_eager,1
burn_up,1
255_two,1
so_when,1
dennis_this,1
today_heard,1
behavior_life,1
sheepskin_good,1
deceit_305,1
ten_15,1
sin_as,1
other_this,1
you'd_need,1
our_sire,1
unbinds_her,1
selection_do,1
will_burn,1
then_madame,1
says_hercelot,1
deny_her,1
commands_though,1
every_implement,1
close_him,1
make_show,1
she_stood,1
who's_standing,1
disgraced_lost,1
exemplum_about,1
rich_man,1
away_table,1
grieved_sore,1
god_witness,1
let_if,1
reading_now,1
men_had,1
tomorrow_she,1
she_agreed,1
community_145,1
ready_135,1
mind_efforts,1
him_immediately,1
alms_last,1
because_someone,1
off_as,1
190_if,1
ornaments_100,1
through_all,1
crack_saw,1
met_old,1
bestow_ask,1
lady_hear,1
5_priest,1
figures_45,1
this_act,1
face_her,1
brothers'_songs,1
awhile_us,1
domino_meo,1
carver_told,1
girl_agreed,1
has_costly,1
way_piebald,1
oh_yes,1
while_toward,1
placed_her,1
ancestry_god,1
worm_had,1
this_righteous,1
it's_never,1
all_lax,1
take_amiss,1
flower_wretched,1
had_skill,1
till_she,1
priest_great,1
deed_entails,1
cares_much,1
light_candle,1
as_buck,1
swore_he'd,1
what_scriptures,1
debauched_coarse,1
fabliau_tell,1
away_same,1
william_tells,1
eschew_putting,1
her_feet,1
stay_fine,1
truth_he,1
choose_either,1
leather_purse,1
have_endowed,1
creature_though,1
lavish_banquet,1
above_all,1
god_first,1
think_money,1
when_god,1
press_85,1
word_protest,1
gave_laugh,1
home_all,1
old_mother,1
lie_each,1
woman_45,1
this_their,1
have_aggravate,1
15_good,1
good_friday,1
than_subvert,1
do_this,1
aside_there,1
gone_when,1
tail_all,1
stingy_knights,1
saying_no,1
than_when,1
fend_herself,1
grant_his,1
75_careful,1
good_folk,1
i'd_sooner,1
8_priest,1
look_leaned,1
her_unclothed,1
he'd_not,1
have_picnic,1
their_home,1
child_madame,1
back_then,1
there_without,1
not_treat,1
if_knew,1
but_she'd,1
spine_saw,1
have_shred,1
action_subpoenaed,1
fresh_bath,1
everyone_who,1
took_one,1
315_whose,1
dinnertime_at,1
alight_filling,1
often_said,1
has_lost,1
beautifully_155,1
coat_too,1
lecherous_face,1
who_intends,1
instead_he,1
fat_priest,1
second_herod,1
90_sermon,1
know_or,1
or_two,1
close_inspection,1
his_freedom,1
omer_65,1
penny_from,1
who's_expecting,1
touch_her,1
that's_apparent,1
says_when,1
people_should,1
sits_by,1
not_forget,1
rightfully_or,1
lovely_has,1
yourself_polite,1
everything_she,1
clergy_shall,1
dogs_bark,1
from_mother,1
related_70,1
fair_joined,1
cunt_blessing,1
leave_goes,1
she_given,1
him_said,1
man_led,1
ten_pounds,1
respect_than,1
down_strains,1
never_known,1
you'll_take,1
go_outside,1
cries_fire,1
good_friendship,1
love_he,1
could_urged,1
been_disgraced,1
stood_table,1
unclothed_him,1
he_affirms,1
done_again,1
those_three,1
her_leaving,1
he'll_relieved,1
was_told,1
god_formed,1
do_much,1
no_sister,1
care_have,1
mother_mine,1
apple_at,1
provided_hearing,1
curtained_bower,1
been_given,1
who's_ever,1
whiter_than,1
called_friar,1
over_her,1
you're_wealthy,1
shoes_while,1
obeyed_her,1
was_turned,1
called_her,1
or_night,1
him_this,1
woe_why,1
was_leaving,1
when_berula,1
denise_i've,1
lax_giving,1
people_catch,1
sought_follow,1
by_not,1
25_she'd,1
what_are,1
passion_an,1
dont_go,1
leave—_fact,1
skill_one,1
people_were,1
both_two,1
out_well,1
friend_lady,1
caraway_chaplains,1
something_have,1
lover_her,1
occasion_did,1
sharpened_axes,1
knight's_abode,1
spots_moves,1
one_who's,1
acted_toward,1
he_called,1
bed_as,1
though_must,1
their_light,1
man_hypocrite,1
matter_why,1
he'd_assail,1
glance_rest,1
or_accusation,1
his_bones,1
heavyhearted_because,1
drivel_faced,1
15_she,1
20_woman,1
locality_burst,1
dwelling_place,1
had_much,1
saint_martin,1
somewhere_else,1
bishop_by,1
he_killed,1
stole_away,1
into_pile,1
55_so,1
come_hercelot,1
breast_contrition,1
hoping_you'll,1
cock_stiffening,1
name_virgin,1
next_french,1
roof_fair,1
mahauld_as,1
mother_foisted,1
he_wants,1
well_whatever,1
heard_205,1
good_day,1
ugly_hunchbacked,1
he'd_fallen,1
get_yourself,1
they'll_retire,1
twenty_men,1
she'd_pledged,1
friend_110,1
wheedle_gifts,1
6_priest,1
shock_ing,1
minstrels_found,1
without_further,1
counted_overhead,1
still_trembling,1
two_saints,1
behind_curtain,1
85_he,1
mother_bitter,1
hire_get,1
they_gone,1
trollops_troupers,1
heart_one,1
are_all,1
privilege_cut,1
at_bishop's,1
priest_goes,1
again_pointlessly,1
pepper_cumin,1
meant_do,1
or_recluse,1
pity_lout—,1
mess_wife,1
walks_out,1
demand_madame,1
his_dinner,1
friar_there,1
banquet_laid,1
mill_435,1
nurture_man,1
went_seek,1
took_marians,1
burning_fires,1
planned_life,1
back_he,1
priest_none,1
clasped_she,1
into_town,1
loathsome_so,1
had_an,1
devils_was,1
have_promised,1
down_door,1
bittern_pheasant,1
immediately_140,1
know_from,1
owe_195,1
was_there,1
so_priestly,1
160_what,1
straw_they'd,1
dont_know,1
money_he'd,1
this_there's,1
there_55,1
further_delay,1
was_waiting,1
make_fun,1
can_spend,1
see_her,1
unclad_why,1
5_no,1
took_staring,1
put_girl,1
do_so,1
why_arranged,1
alison_380,1
15_this,1
35_by,1
air_takes,1
care_390,1
give_will,1
so_lucky,1
115_so,1
entire_story,1
spoken_well,1
struck_by,1
had_wait,1
turned_his,1
averse_5,1
her_husband's,1
noble_words,1
gave_farms,1
view_there,1
tenderly_franciscans,1
he_intended,1
priest_as,1
immediately_tells,1
true_75,1
when_there's,1
hide_140,1
minds_are,1
at_him,1
sat_down,1
will_never,1
chin_old,1
wine_eat,1
peasant_things,1
open_space,1
shows_this,1
generously_5,1
high_his,1
vexed_long,1
5_clergy,1
assuming_old,1
herself_walking,1
one_order,1
quite_lot,1
wine_pasties,1
blades_45,1
but_god,1
love_part,1
his_vulgarity,1
house_next,1
he_lifted,1
there_came,1
10_peasants,1
someone_free,1
445_as,1
rhyme_o,1
roger_suave,1
milan_had,1
but_still,1
if_now,1
all_lands,1
girth_all,1
doesnt_interest,1
neighbor_isnt,1
lord_how,1
now_propose,1
right_after,1
than_kith,1
where_no,1
big_deal,1
said_truth,1
said_have,1
name_brother,1
man_alone,1
he'd_seen,1
front_across,1
peasant_waking,1
off_down,1
haste_go,1
take_ride,1
got_bed,1
off_town,1
minted_anjou,1
he'd_deal,1
tell_if,1
letter_his,1
him_straws,1
he'd_take,1
up_three,1
beeswax_pepper,1
40_do,1
forth_she'll,1
coffers_priest's,1
exclaims_out,1
recluse_but,1
pheasant_waterfowl,1
tortures_punishment,1
very_glad,1
good_sense,1
bit_front,1
virile_members,1
that's_fine,1
laid_bare,1
their_community,1
threatening_suspension,1
both_commoners,1
accusation_he,1
wife_laid,1
sad_heavyhearted,1
between_wagon,1
glad_do,1
alison_kept,1
soul_she,1
lunatic_reckless,1
do_better,1
no_noise,1
already_as,1
goes_chaplain,1
alison_how,1
turned_before,1
measure_one,1
profligates_hordes,1
mother_she,1
time_their,1
hair_fish,1
else_instead,1
father_she,1
pound_90,1
50_until,1
about_without,1
long_wealth,1
could_well,1
you'll_sharing,1
look_you'll,1
up_she,1
old_young,1
could_choose,1
high_dais,1
no_protestation,1
wool_nor,1
his_eye,1
was_scared,1
directs_slyly,1
320_place,1
girl_truly,1
came_calling,1
afterward_defied,1
poor_clothes,1
standing_still,1
urging_she,1
daughter_bathed,1
linen_happy,1
anguished_sorrowful,1
annoyed_she,1
she_asks,1
message_him,1
170_but,1
summer_weather's,1
beating_his,1
back_'er,1
mother's_owed,1
her_its,1
behind_which,1
75_keeping,1
urged_her,1
wishes_carouse,1
beyond_compare,1
at_once,1
but_priest,1
lord_do,1
who_stands,1
clothed_fine,1
steed_put,1
him_alison,1
180_before,1
or_other,1
low_having,1
feels_it's,1
please_brother,1
sake_115,1
must_pronounce,1
say_no,1
insanity_95,1
her_window,1
lead_245,1
was_dishonest,1
hercelot_say,1
truly_225,1
furs_wear,1
them_through,1
home_at,1
ribs_flanks,1
but_fool,1
more_there,1
down_into,1
states_40,1
170_lady,1
vow_she,1
long_had,1
daughter's_desire,1
men_80,1
meet_80,1
were_i'd,1
walking_at,1
250_do,1
axes_cutting,1
raise_alarm,1
delivered_house,1
presence_loosed,1
45_while,1
say_one,1
did_tips,1
twelfth_as,1
priest_so,1
home_running,1
exemplifies_fool,1
new_name,1
dont_too,1
must_not,1
he_began,1
while_lady,1
undertook_saying,1
obeyed_today,1
she_might,1
priest_sits,1
one_their,1
3_three,1
her_disgrace,1
heart_out,1
much_longer,1
blue_put,1
would_impart,1
120_let,1
only_worn,1
her_everything,1
toward_girl,1
irate_he,1
really_fine,1
preserve_without,1
prelate_who,1
knights_clergy,1
this_perfect,1
whom_gave,1
jumps_as,1
40_went,1
knights_forsake,1
well_mannered,1
may_wish,1
word_asks,1
order_could,1
faith_she,1
her_someone,1
box_open,1
lived_him,1
than_this,1
ban_such,1
he_inhabit,1
peter_who's,1
he_replied,1
son_fat,1
installment_plan,1
off_god,1
confers_her,1
foolish_womans,1
bishop_i'll,1
plenty_tell,1
him_275,1
her_allege,1
stairs_seeing,1
get_everything,1
made_scarcely,1
so_called,1
there_night,1
thought_distress,1
make_worth,1
helter_skelter,1
has_not,1
by_grate,1
hey_fouchier,1
then_came,1
what_came,1
making_them,1
times_every,1
110_treasure,1
light_cloth,1
skelter_this,1
as_took,1
out_if,1
cavort_195,1
girl_chaplain,1
this_thing's,1
an_excellent,1
who_cares,1
goes_about,1
beautiful_beyond,1
brother_do,1
not_allowed,1
face_flushed,1
heels_ran,1
him_home,1
it's_summer,1
rome_chaste,1
deigned_inquire,1
wagon_shafts,1
ever_such,1
trouble_that's,1
never_forgives,1
it's_her,1
live_his,1
just_devil,1
ripped_his,1
out_100,1
ended_as,1
careful_no,1
chaplain_her,1
185_them,1
sir_she,1
wood_seeing,1
begged_bishop,1
pile_muck,1
honest_god,1
destiny_once,1
much_faith,1
tell_lies,1
fire_had,1
money_here,1
say_which,1
replies_now,1
topic_but,1
entourage_generous,1
gone_top,1
right_now,1
clergy_tithes,1
matter_who,1
cant_find,1
conflagration_where,1
he_swore,1
when_was,1
comforted_her,1
push_from,1
who_doesnt,1
lost_thought,1
195_what,1
bred_was,1
was_hidden,1
nor_mistress,1
form_cross,1
get_dresses,1
him_whatever,1
he'll_teach,1
it's_hot,1
all_till,1
coat_25,1
modesty_priest,1
shines_gold,1
through_nurse,1
sins_210,1
though_others,1
her_tells,1
dapple_gray,1
who_afterward,1
fish_then,1
cloister_he,1
lady's_refutation,1
whom_forbade,1
day_sir,1
as_rhyme,1
sweep_away,1
bring_statuette,1
never_been,1
looked_after,1
been_tricked,1
she_sold,1
him_began,1
route_priest,1
freedom_cost,1
value_two,1
corn_she's,1
however_high,1
real_son,1
virgin_girl,1
he'd_pull,1
wine_entire,1
foisted_him,1
not_find,1
lord's_prayer,1
her_suitor,1
am'rous_bishop,1
shop_take,1
hear_no,1
225_off,1
deal_says,1
recreation_so,1
interest_that's,1
true_60,1
clerk_fed,1
married_unmarried,1
sorry_mood,1
delay_but,1
alison_get,1
also_ducks,1
hurries_marian—,1
god's_protection,1
dixit_dominus,1
her_posterior,1
brother_denise's,1
what_stylish,1
suspended_do,1
grieves_this,1
pay_make,1
cant_see,1
right_away,1
this_mother,1
mattocks_sharpened,1
she'll_never,1
dear_good,1
occurred_she,1
mother_says,1
425_seen,1
let_drink,1
down_then,1
good_pair,1
clothes_which,1
dearly_pay,1
how_fine,1
than_dormouse,1
us_here,1
present_company,1
all_curtains,1
there_spell,1
enough_fabliaux,1
because_whim,1
priest_alison,1
let_understand,1
blessed_by,1
then_round,1
him_disturbed,1
she_threw,1
their_lords,1
herself_took,1
grant_wise,1
know_he,1
two_cents,1
i'd_have,1
led_assume,1
bower_whiter,1
abhorrence_priest,1
no_sooner,1
chaste_pure,1
bit_take,1
not_love,1
awaits_him,1
took_action,1
some_way,1
thighs_upon,1
not_dear,1
fabliau_about,1
distributed_around,1
was_beaten,1
lady's_daughter,1
down_street,1
moves_his,1
other_times,1
goes_into,1
365_self,1
about_he,1
by_145,1
him_through,1
wealth_he,1
mother's_been,1
bed_ready,1
knew_most,1
confreres_brother,1
images_he,1
retire_280,1
will_speak,1
her_chamber,1
tale_priest,1
away_girls,1
heart's_compassionate—,1
wolf_gelded,1
no_less,1
inside_priest,1
light_obligation,1
pushes_all,1
courier_summon,1
some_light,1
her_abhorrence,1
garlic_onions,1
been_vexed,1
times_before,1
william_who,1
pleasance_they,1
85_faith,1
love_if,1
laid_trap,1
sure_they,1
lock_friar,1
gray_stumble,1
feeling_laceration,1
from_whom,1
provision_our,1
said_laid,1
spade_pushes,1
say_it's,1
his_cock,1
all_night,1
man_every,1
'er_install,1
change_out,1
have_taken,1
she's_said,1
her_there,1
was_cruelly,1
shall_maintain,1
gall_120,1
fix_wink,1
because_they're,1
way_tutored,1
cast_him,1
anyone_20,1
baffled_priest,1
swung_at,1
but_have,1
candle_quickly,1
money_belt,1
psalter_her,1
growing_her,1
who_kept,1
what_service,1
she_this,1
mannered_ease,1
require_treat,1
lovely_scene,1
bishop_spot,1
but_his,1
nurse_who,1
pasties_things,1
his_house,1
faced_fart,1
at_length,1
secula_as,1
well_lined,1
was_going,1
stray_by,1
carved_sculptures,1
provided_lady,1
they'd_do,1
cunt_bishop,1
that's_spoken,1
blond_haired,1
look_by,1
three_days,1
agree_very,1
accompany_him,1
says_her,1
plenty_have,1
mongrel_might,1
bath_do,1
night_had,1
did_require,1
go_straightaway,1
scarcely_any,1
forgives_whoever,1
takes_pity,1
maiden_fair,1
these_are,1
ease_took,1
conniving_without,1
do_just,1
not_stayed,1
mind_at,1
no_mother,1
her_swore,1
so_without,1
peasants_then,1
laughter_between,1
flour_260,1
been_fully,1
she_sent,1
there_fidgeted,1
esteem_making,1
again_or,1
king_hercelot,1
case_should,1
apple_if,1
into_peasant,1
ordination_i'd,1
where_her,1
clothes_she,1
cunning_subterfuge,1
readily_would,1
will_dwell,1
long_as,1
takes_seat,1
will_or,1
fun_poor,1
him_big,1
she's_well,1
she_directed,1
clergymen_old,1
hate_selling,1
who_as,1
gifts_75,1
i'd_witness,1
put_head,1
no_intent,1
lord_take,1
man_deserves,1
has_been,1
warrant_further,1
greeting_55,1
sunday_vespers,1
by_she,1
who_never,1
upon_saint,1
him_ribs,1
ungrateful_own,1
cunt_blessed,1
threshers_their,1
except_hour,1
qualities_lady,1
have_full,1
who_place,1
but_went,1
rutebeuf_monk,1
hag_home,1
no_burrow,1
whole_affair,1
from_market,1
from_infamy,1
turns_mahauld,1
certain_150,1
then_every,1
saints_indeed,1
garlic_pepper,1
other_sheepskin,1
was_carrying,1
took_by,1
have_stack,1
reward_from,1
bare_40,1
water_so,1
gave_he,1
head_feet,1
ill_will,1
poorer_than,1
found_husband,1
surly_race,1
stack_what,1
deserves_praise,1
he_cant,1
came_their,1
enter_holy,1
time_but,1
implement_one,1
from_table,1
her_appeal,1
lords_all,1
two_glowing,1
was_lecherous,1
lady_light,1
leave_15,1
decreed_sir,1
din_told,1
mahauld_said,1
none_too,1
close_city,1
see_which,1
girl_beautiful,1
whereas_wherever,1
will_rebuke,1
answers_faith,1
own_stores,1
seat_she's,1
wait_leave,1
themselves_one,1
love_or,1
her_chaplain,1
past_she,1
pure_than,1
learned_an,1
off_foolish,1
into_chapel,1
has_demonstrated,1
her_beyond,1
hardened_enemy,1
if_someone,1
stay_there,1
now_tradition,1
have_basis,1
wont_unless,1
beaten_420,1
costly_hercelot,1
allege_he'll,1
who_paid,1
lives_by,1
allow_must,1
can_take,1
each_then,1
35_life,1
but_adjured,1
so_that's,1
cinnamon_licorice,1
most_desired,1
her_stifled,1
you'd_perform,1
there_delight,1
chamber_close,1
far_as,1
demoiselle_her,1
nor_coat,1
nature_her,1
will_better,1
into_reading,1
leaving_her,1
bed_fit,1
serve_their,1
eyed_virgin,1
he_continued,1
stands_there,1
head_contradiction,1
took_up,1
least_as,1
drink_have,1
so_ungrateful,1
this_end,1
behind_she,1
so_get,1
about_her,1
kept_young,1
what_said,1
right_then,1
but_inside,1
happy_too,1
hurry_starting,1
was_league,1
shaken_confusedly,1
will_get,1
nonsense_folderol,1
all_sat,1
