he,204
her,192
his,123
she,103
him,90
as,83
was,80
by,70
priest,68
no,60
who,57
have,55
all,53
not,52
had,51
what,48
this,46
but,42
do,42
from,41
when,40
said,38
so,38
or,36
then,34
will,34
says,33
he'd,33
bishop,32
one,32
their,32
if,30
god,30
at,30
out,30
they,29
now,29
has,29
there,29
woman,28
them,28
would,27
go,26
more,25
made,25
good,24
up,24
been,24
well,24
make,24
give,22
come,21
down,21
lady,21
mother,20
old,20
girl,20
i'll,20
saint,20
went,20
brother,20
way,19
time,19
than,19
take,19
which,18
hercelot,18
took,18
i've,18
where,18
could,18
tell,18
say,18
an,17
he's,17
off,17
man,17
chaplain,17
just,17
get,17
without,16
did,16
two,16
back,16
bed,16
see,16
can,16
nor,15
how,15
were,15
home,14
before,14
it's,14
much,14
about,14
must,14
denise,13
right,13
whom,13
knew,13
came,13
may,13
word,13
fine,12
very,12
she'd,12
night,12
womans,12
alison,12
through,12
too,12
other,12
he'll,12
into,12
place,12
wife,12
hand,12
any,11
put,11
gave,11
tells,11
she's,11
lord,11
head,11
heart,11
away,11
drink,11
why,11
you'll,11
takes,11
here,11
upon,11
our,11
10,10
such,10
till,10
25,10
are,10
clothes,10
wont,10
15,10
daughter,10
people,10
20,10
left,10
great,10
leave,10
5,10
set,10
friar,10
hear,9
let,9
30,9
goes,9
madame,9
you've,9
long,9
some,9
soon,9
i'd,9
because,9
someone,9
us,9
house,9
day,9
told,9
life,9
35,9
40,9
while,9
45,9
fair,9
nothing,8
given,8
earth,8
there's,8
dear,8
everything,8
close,8
never,8
that's,8
most,8
noble,8
lovely,8
whatever,8
light,8
heard,8
son,8
wine,8
55,8
every,8
sure,7
first,7
60,7
find,7
again,7
should,7
they'd,7
child,7
only,7
know,7
town,7
fire,7
pounds,7
friend,7
marian,7
80,7
led,7
though,7
answers,7
simon,7
thought,7
soul,7
75,7
65,7
whose,7
lie,7
knights,7
70,7
got,7
gone,7
who's,7
sir,7
ever,7
devil,7
found,7
those,7
goose,6
often,6
money,6
neither,6
end,6
pleasure,6
face,6
looked,6
holy,6
cannot,6
stay,6
saw,6
still,6
help,6
pay,6
god's,6
laid,6
these,6
brought,6
passion,6
done,6
quite,6
think,6
turned,6
peasant,6
virgin,6
name,6
care,6
wait,6
live,6
own,6
she'll,6
need,6
love,6
also,6
door,6
taken,6
since,6
desire,6
until,6
gets,6
young,6
three,6
joy,6
am,6
50,6
mahauld,6
around,6
cunt,6
once,5
room,5
cut,5
peasants,5
fashion,5
faith,5
himself,5
dine,5
full,5
arms,5
menhould,5
agreed,5
look,5
gifts,5
ready,5
asked,5
lost,5
thus,5
hands,5
wealth,5
sweet,5
behind,5
plenty,5
clergy,5
dresses,5
maiden,5
orders,5
mind,5
kept,5
going,5
trust,5
sire,5
better,5
side,5
lived,5
bishop's,5
high,5
quickly,5
coat,5
inside,5
bring,5
order,5
sold,5
called,5
last,5
hide,5
thinking,5
speak,5
95,5
each,5
between,5
mean,5
lay,5
front,5
top,4
fast,4
times,4
125,4
wanted,4
115,4
replies,4
wise,4
please,4
190,4
women,4
sooner,4
beyond,4
100,4
chamber,4
living,4
knight,4
instead,4
180,4
cant,4
something,4
thinks,4
least,4
175,4
among,4
150,4
straight,4
believe,4
buy,4
true,4
its,4
want,4
indeed,4
things,4
110,4
they're,4
wolf,4
dark,4
allow,4
fable,4
bit,4
known,4
fun,4
fifteen,4
else,4
85,4
purse,4
serve,4
130,4
merchant,4
short,4
you'd,4
90,4
poor,4
reward,4
185,4
curtains,4
delay,4
men,4
body,4
seeing,4
peter,4
145,4
husband,4
wasnt,4
160,4
open,4
over,4
caught,4
new,4
against,4
hearing,4
195,4
pit,4
might,4
court,4
another,4
many,4
longer,4
table,4
save,4
140,4
155,4
days,4
fell,4
fabliau,4
swear,4
170,4
taking,4
use,4
created,4
120,4
four,4
learned,4
feet,4
entertainers,4
135,4
dont,4
both,4
herself,4
105,4
likewise,4
maid,4
keep,4
yourself,4
felt,4
fur,4
balls,3
stayed,3
bred,3
shit,3
hidden,3
beaten,3
eyes,3
225,3
215,3
prayer,3
dress,3
lady's,3
210,3
lover,3
white,3
less,3
spade,3
married,3
belt,3
cloth,3
bare,3
fat,3
deal,3
anyone,3
walking,3
gladly,3
fool,3
eat,3
tenderly,3
200,3
master,3
today,3
happy,3
isnt,3
immediately,3
mother's,3
here's,3
except,3
suspended,3
cares,3
running,3
after,3
church,3
business,3
hanging,3
tonsured,3
paid,3
fail,3
steps,3
wear,3
hair,3
bath,3
cape,3
drinking,3
words,3
thoughts,3
unless,3
virginity,3
anything,3
fish,3
secret,3
let's,3
worth,3
clerk,3
struck,3
catch,3
case,3
blessing,3
suit,3
cross,3
priests,3
pair,3
treat,3
making,3
sight,3
thereupon,3
show,3
wished,3
205,3
ease,3
story,3
along,3
grow,3
shall,3
girls,3
provided,3
blessed,3
ribs,3
wouldnt,3
spend,3
honest,3
stretched,3
certainly,3
enough,3
having,3
fact,3
command,3
fit,3
bite,3
asks,3
convinced,3
butcher,3
disdain,3
entire,3
work,3
none,3
breast,3
worthy,3
double,3
henceforth,3
220,3
service,3
habit,3
william,3
began,3
grace,3
placed,3
sits,3
matter,3
does,3
glad,3
carver,3
little,3
raise,3
large,3
summoned,3
ride,3
swears,3
spent,3
makes,3
pure,2
pity,2
near,2
apple,2
pass,2
stands,2
reading,2
deceived,2
begged,2
300,2
bear,2
folk,2
crucifix,2
gulp,2
nobly,2
behave,2
trees,2
they'll,2
raised,2
twelfth,2
due,2
supports,2
ten,2
used,2
whores,2
deed,2
shoes,2
text,2
turn,2
different,2
needs,2
view,2
mount,2
hang,2
bitter,2
truth,2
carved,2
figures,2
wickedly,2
answered,2
yes,2
mans,2
wish,2
held,2
priestly,2
beautiful,2
sly,2
sturdy,2
blond,2
putting,2
worse,2
sterling,2
birth,2
change,2
holiness,2
laughing,2
further,2
165,2
company,2
alexander,2
low,2
alphabet,2
shapely,2
235,2
325,2
whereas,2
whomever,2
forbidden,2
tunic,2
moves,2
forbids,2
honor,2
carried,2
position,2
accusation,2
240,2
meant,2
oh,2
sharing,2
tools,2
best,2
sat,2
riding,2
sense,2
cries,2
who've,2
laughter,2
hearted,2
320,2
propose,2
born,2
whoever,2
beating,2
230,2
confession,2
wretch,2
harlots,2
suffer,2
cock,2
cloister,2
starting,2
linen,2
yours,2
disgrace,2
king,2
275,2
supplied,2
voice,2
lords,2
fairest,2
pound,2
310,2
helps,2
doesnt,2
food,2
far,2
245,2
flushed,2
part,2
guile,2
sort,2
talking,2
others,2
prelate's,2
sign,2
truly,2
chest,2
distress,2
converted,2
rhyme,2
wasted,2
priest's,2
255,2
clearly,2
saints,2
330,2
leaving,2
cheap,2
virtue,2
paul,2
spades,2
merchandise,2
awhile,2
market,2
possess,2
250,2
finest,2
265,2
grieved,2
advised,2
league,2
heavy,2
outside,2
flower,2
blind,2
tête,2
285,2
grant,2
290,2
community,2
daughter's,2
candle,2
choose,2
goat,2
who'd,2
water,2
bends,2
replied,2
promise,2
protection,2
fared,2
require,2
stood,2
seems,2
husband's,2
consideration,2
plate,2
lead,2
everyone,2
next,2
mine,2
deceitful,2
costly,2
sleep,2
maintain,2
straightaway,2
openly,2
standing,2
straw,2
black,2
creature,2
miss,2
garlic,2
capons,2
dennis,2
silver,2
same,2
fart,2
carrying,2
hot,2
pepper,2
gracious,2
lecherous,2
arranged,2
precious,2
steed,2
aside,2
spot,2
decree,2
crucified,2
accept,2
value,2
apart,2
didnt,2
comes,2
vestments,2
trouble,2
tithes,2
clever,2
witness,2
start,2
somewhere,2
exactly,2
filled,2
urging,2
generous,2
cried,2
penny,2
promised,2
cyr,2
apparel,2
marian—,2
lord's,2
feels,2
spied,2
endurance,2
sitting,2
jumps,2
obeyed,2
seen,2
bore,2
stray,2
harm,2
doubt,2
sake,2
hour,2
straws,2
305,2
speaking,2
however,2
completely,2
fresh,2
beside,2
greeting,2
appear,2
neck,2
blows,2
hurries,2
lives,2
excellent,2
death,2
states,2
possessed,2
forbade,2
alarm,2
psalter,2
air,2
attire,2
readily,2
devour,2
free,2
dragged,2
permission,2
week,2
dinner,2
try,2
cloak,2
careful,2
riches,2
stone,2
keeping,2
act,2
even,2
plain,2
devils,2
arrives,2
under,2
behavior,2
expect,2
details,2
hundred,2
assume,2
liar,2
sin,2
cared,2
giving,2
sermon,2
heels,2
turns,2
whole,2
father,2
waiting,2
meal,2
260,2
dead,2
delight,2
creatures,2
loved,2
infamy,2
owe,2
rich,2
swore,2
gusto,2
270,2
agree,2
bedtime,2
chaplains,2
threw,2
intends,2
tow,2
meet,2
minor,2
wishes,2
295,2
started,2
wed,2
tonight,2
holding,2
happened,2
francis,2
donations,2
confreres,2
support,2
fed,2
prelate,2
bad,2
toward,2
morning,2
being,2
you're,2
lifts,2
joyful,2
335,2
abode,2
reason,2
utmost,1
efforts,1
saying,1
virtuous,1
hey,1
forth,1
returned,1
delivered,1
crowbar,1
arrange,1
scarcely,1
miracles,1
horse,1
joined,1
satisfied,1
o,1
behaviors,1
clergymen,1
assail,1
evil,1
pull,1
sunday,1
quietly,1
quantities,1
education,1
pushed,1
wagon,1
bodies,1
seeks,1
professional,1
surpassed,1
wife's,1
parchment,1
conflagration,1
overwrought,1
nice,1
dismay,1
haired,1
swampy,1
curled,1
workshop,1
mulling,1
gold,1
length,1
excommunicated,1
thames,1
spice,1
skillfully,1
provins,1
rule,1
win,1
regret,1
rotten,1
sanction,1
ordain,1
obligation,1
apprentice,1
barley,1
beat,1
ban,1
retire,1
ganders,1
overseer,1
dominus,1
blades,1
monk,1
contents—,1
toss,1
store,1
alison—,1
eustace's,1
hemmed,1
brothers',1
contrariwise,1
knees,1
flock,1
debt,1
shaking,1
information,1
sheepskin,1
pasties,1
form,1
fiery,1
nursed,1
looks,1
dwelling,1
deserves,1
leather,1
woe,1
betrothed,1
deny,1
cry,1
accorded,1
mayhem,1
intention,1
bears,1
leaf,1
booming,1
pen,1
harrowing,1
resides,1
qualities,1
hunted,1
blessèd,1
feint,1
lawrence—,1
sticks,1
heart's,1
donation,1
cwm,1
rarity,1
expecting,1
granted,1
galore,1
newly,1
indulged,1
willingly,1
ass,1
lavishly,1
late,1
corn,1
equally,1
prostrate,1
sworn,1
they've,1
scriptures,1
shop,1
pounded,1
395,1
amity,1
tight,1
guess,1
ill,1
stumble,1
womens,1
companion,1
grumbling,1
chanted,1
wines,1
necessary,1
undertake,1
herod,1
haste,1
hinder,1
untrue,1
past,1
defense,1
fully,1
commoners,1
knight's,1
decreed,1
totally,1
clergyman,1
teaching,1
fated,1
pea,1
demonstrated,1
exemplifies,1
sector,1
torments,1
strength,1
pile,1
dinners,1
concerning,1
rose,1
eternal,1
second,1
ask,1
8,1
offense,1
believed,1
class,1
bundled,1
kneels,1
passed,1
favor,1
arles,1
normandy,1
press,1
oise,1
7,1
posterior,1
axes,1
elite,1
seat,1
misfortune,1
caraway,1
crevice,1
eum,1
wandering,1
tidy,1
sit,1
quick,1
myself,1
resound,1
425,1
unkind,1
gathered,1
wheedle,1
dais,1
sister,1
image,1
loathing,1
surly,1
destiny,1
shiny,1
normand,1
curtained,1
apparent,1
innocent,1
already,1
crown,1
desist,1
enfranchised,1
protestation,1
townspeople,1
credo,1
afraid,1
promptly,1
sour,1
subpoenaed,1
barons—,1
interest,1
owes,1
box,1
girth,1
lunatic,1
missing,1
anymore,1
drags,1
decision,1
cumin,1
tortures,1
deeds,1
prevent,1
afterward,1
stitching,1
lamb's,1
overcoat,1
tightly,1
troupers,1
licorice,1
state,1
bowing,1
overhead,1
noise,1
gentian,1
expects,1
fidgeted,1
astray,1
comments,1
proceed,1
awaits,1
domino,1
mill,1
together,1
fouchier,1
trap,1
farted,1
averse,1
fabric,1
dieu,1
ensnared,1
denier,1
plotted,1
reassure,1
offer,1
neighborliness,1
lavish,1
sing,1
urged,1
arising,1
mortally,1
clear,1
fix,1
ornaments,1
forced,1
mantle,1
simple,1
cup,1
eh,1
lady'd,1
within,1
remove,1
directly,1
dispel,1
stiffening,1
fruit,1
enter,1
reassurance,1
opposition,1
small,1
abide,1
benefit,1
heaped,1
rebuke,1
acted,1
nobody,1
charm,1
possible,1
dinnertime,1
seek,1
who'll,1
cuts,1
crack,1
blazing,1
pushes,1
unclad,1
modesty,1
vain,1
counted,1
compassionate—,1
sweep,1
hire,1
crucifixes,1
buck,1
locked,1
gulping,1
precepts,1
liked,1
amen,1
reply,1
location,1
contradiction,1
wool,1
comfy,1
separation,1
died,1
expertise,1
became,1
really,1
churl,1
gall,1
pullets,1
debauches,1
shows,1
pontoise,1
filthy,1
assurance,1
mannered,1
dwell,1
cutting,1
sculpted,1
lot,1
batch,1
prepared,1
soft,1
magnificent,1
forsake,1
acquainted,1
ripped,1
bidden,1
365,1
stocked,1
wearied,1
drapery,1
polished,1
accepts,1
consecrated,1
proud,1
spots,1
messes,1
minds,1
leads,1
varmints,1
space,1
wants,1
smile,1
gain,1
'n,1
spine,1
suspension,1
served,1
exerted,1
slighted,1
unfitting,1
subvert,1
sends,1
aloud,1
overflowed,1
profounder,1
din,1
winked,1
martin,1
freedom,1
eustace,1
mess,1
sewn,1
roared,1
mirth,1
beeswax,1
beautifully,1
moral,1
simons,1
kindled,1
cowed,1
wasnt—it,1
abhorrence,1
pal,1
auberée,1
bedding,1
unmarried,1
collateral,1
pray,1
cellar,1
adjured,1
burning,1
ground,1
tail,1
375,1
denise's,1
feather,1
growing,1
pheasant,1
440,1
damnation,1
'round,1
explains,1
bower,1
duping,1
slightest,1
cushions,1
aware,1
carp,1
mattress,1
meo,1
fold,1
perturb,1
flax,1
vow,1
folderol,1
cause,1
govern,1
demoiselle,1
stingy,1
drivel,1
demeanor,1
regard,1
trollops,1
eschew,1
wet,1
clasped,1
shelter,1
lets,1
scholars,1
intending,1
artfulness,1
starts,1
mongrel,1
paris,1
dancing,1
ducks,1
clothing,1
patience,1
vulgarity,1
formality,1
hole,1
wanton,1
pleads,1
peasant's,1
fret,1
risen,1
tutored,1
estates,1
waking,1
spacious,1
world,1
dixit,1
performers,1
trickery,1
rutebeuf,1
install,1
other's,1
third,1
squirrel,1
frame,1
closer,1
charges,1
budding,1
dismissed,1
rights,1
sad,1
tailored,1
gelded,1
begins,1
vexed,1
mood,1
tricked,1
street,1
french,1
broken,1
cost,1
warrant,1
worn,1
competence,1
fetch,1
reckless,1
otherwise,1
looking,1
stifled,1
esteem,1
flapping,1
chapel,1
feeding,1
closes,1
dour,1
sorry,1
christ,1
allege,1
deigned,1
pledged,1
george,1
weak,1
piebald,1
rested,1
exemplum,1
wickedness,1
penitence,1
hurt,1
fucking,1
novice,1
dump,1
slow,1
city,1
curtain,1
onto,1
fortnight,1
hardened,1
linger,1
pottage,1
bloodred,1
letter,1
am'rous,1
crowed,1
directed,1
flock's,1
girlfriend's,1
noses,1
occurred,1
bawds,1
ordination,1
435,1
fulfilled,1
storms,1
wrenched,1
union,1
belong,1
provision,1
scraps,1
thieve,1
greatest,1
dressed,1
omer,1
dishonest,1
lovemaking,1
message,1
passions,1
stated,1
meeting,1
whenever,1
beldame,1
hermit,1
confers,1
silly,1
thighs,1
accompany,1
relieved,1
violating,1
hiding,1
peels,1
pled,1
beauty,1
calais,1
located—he,1
cakes,1
carvings,1
contrary,1
pose,1
madness,1
gisors,1
fit—,1
hurried,1
wood,1
twelve,1
rome,1
battered,1
coming,1
task,1
understood,1
protest,1
con,1
secula,1
mr,1
wept,1
pardon,1
gives,1
drape,1
speech,1
patently,1
destroyed,1
recreation,1
transition,1
thrashings,1
themselves,1
lifted,1
preserve,1
kindling,1
year,1
omnia,1
dire,1
smart,1
eager,1
baffled,1
'er,1
inquiring,1
complain,1
share,1
filling,1
tossed,1
suave,1
disgraced,1
cents,1
stirred,1
tilled,1
shamefully,1
falls,1
carefree,1
threatening,1
chatter,1
meaning,1
gift,1
disclosed,1
hesitation,1
scorn,1
couldnt,1
violes,1
vilify,1
scared,1
niggardly,1
parent,1
loathsome,1
explanation,1
mouth,1
4,1
touch,1
vespers,1
glance,1
befouls,1
remains,1
noblewoman,1
380,1
teaches,1
teeth,1
reproof,1
dealt,1
sought,1
privilege,1
virile,1
conjugality,1
alexandria,1
turning,1
overtaxing,1
suffers,1
clerical,1
nonpareil,1
procure,1
transgression,1
treatment,1
rob,1
parents,1
surely,1
count,1
detects,1
shift,1
grieve,1
comforted,1
devotedly,1
stuffed,1
easily,1
prayed,1
nearest,1
bruised,1
drew,1
chicken,1
whiter,1
songs,1
reminding,1
subterfuge,1
bones,1
righteous,1
palm,1
cover,1
walks,1
ah,1
action,1
ran,1
beguiled,1
glowing,1
whether,1
franciscans,1
hooks,1
cordelier,1
bet,1
strayed,1
countermands,1
ninny,1
wellborn,1
brook,1
pointlessly,1
bone,1
thing,1
rough,1
presence,1
foolish,1
bump,1
england,1
kid,1
misgivings,1
barrel,1
burn,1
rest,1
approached,1
resounded,1
tale,1
rightfully,1
fabliaux,1
cleric,1
world's,1
pleasantly,1
staring,1
accursed,1
wheat,1
images,1
nine,1
burst,1
early,1
imposed,1
dam,1
skill,1
strains,1
supposed,1
perform,1
weighed,1
barging,1
marks,1
ere,1
statues,1
throat,1
roger,1
weeping,1
fortune,1
stick,1
confess,1
clerics,1
although,1
lump,1
weather's,1
neednt,1
grain,1
summon,1
installment,1
ones,1
pounding,1
altar,1
cream,1
reproached,1
shut,1
deceit,1
sore,1
sins,1
garments,1
aught,1
tumbled,1
killed,1
desired,1
thing's,1
awful,1
avail,1
carries,1
atelier,1
sets,1
renegade,1
strut,1
paramour,1
locality,1
jug,1
hearty,1
hurry,1
benedico,1
embraces,1
stipend,1
fasting,1
drop,1
flak,1
statuette,1
bathed,1
behaved,1
terrain,1
forbid,1
waterfowl,1
refutation,1
bread,1
wrote,1
valuable,1
questioned,1
lucky,1
affairs,1
false,1
parable,1
sharp,1
seculorum,1
selling,1
unaffected,1
green,1
we've,1
proper,1
owed,1
wretched,1
bedroom,1
rebel,1
resemble,1
spoke,1
forty,1
enemy,1
flame,1
pedigree,1
score,1
grand,1
impart,1
afford,1
cress,1
implicated,1
grieves,1
shaken,1
fleece,1
servants,1
glowed,1
distributed,1
yet,1
360,1
figure,1
twist,1
tomorrow,1
milan,1
friar's,1
loud,1
affair,1
winning,1
praise,1
evidence,1
hides,1
climb,1
fright,1
friars,1
mishap,1
tricky,1
hysterical,1
loft,1
fondness,1
315,1
announces,1
sate,1
we're,1
injurious,1
pilgrim,1
poorer,1
across,1
artfully,1
shines,1
hateful,1
post,1
burrow,1
expected,1
coins,1
flight,1
book,1
attempts,1
affirms,1
disguised,1
heartily,1
contrition,1
bittern,1
waits,1
glossed,1
insisted,1
undoubtedly,1
itches,1
kind,1
also—with,1
unviolated,1
dotage,1
polite,1
herbs,1
420,1
à,1
reach,1
lying,1
exposure,1
alight,1
tradition,1
penis,1
rightful,1
boy's,1
big,1
shafts,1
counsel,1
wellthey,1
confusedly,1
entails,1
stylish,1
failure,1
welcome,1
perceived,1
picnic,1
350,1
undertook,1
edge,1
lands,1
minted,1
maidenhead,1
hag,1
virginal,1
withdrew,1
fellows,1
charlatan,1
ungrateful,1
contradict,1
swung,1
dowry,1
shameful,1
soissons,1
fulfill,1
hence,1
depended,1
read,1
courier,1
remain,1
sighs,1
'im,1
spirit,1
confrere,1
wide,1
roof,1
talk,1
forward,1
explained,1
basis,1
yell,1
profit,1
corrected,1
train—,1
storage,1
round,1
parish,1
call,1
question,1
conniving,1
ample,1
ing,1
continued,1
deep,1
saving,1
inhabit,1
amputation,1
rutting,1
allowed,1
wench,1
chisels,1
gaffe,1
quicker,1
dace,1
eyed,1
stream,1
hordes,1
clamoring,1
finery,1
consent,1
dogs,1
410,1
earthly,1
hoping,1
following,1
guide,1
anguished,1
always,1
leaned,1
bamboozled,1
intense,1
stock,1
carouse,1
forgives,1
grouse,1
objection,1
reeds,1
450,1
everywhere,1
400,1
kith,1
entourage,1
disapproved,1
ought,1
ancestry,1
faced,1
adam,1
needed,1
to't,1
barrabam,1
twenty,1
rare,1
ordered,1
ways,1
telling,1
hell,1
fires,1
appeal,1
real,1
hawthorn,1
le,1
nearly,1
dormouse,1
screwed,1
purge,1
certainty,1
openhanded,1
sent,1
stack,1
lust,1
satisfaction,1
decked,1
knife,1
divine,1
common,1
apostles',1
lout—,1
chartrain,1
holds,1
punishment,1
subpoena,1
ended,1
sculptures,1
delights,1
confidence,1
enough—it,1
homestead,1
discover,1
received,1
tore,1
ugly,1
race,1
eye,1
herb,1
plank,1
shouldnt,1
lengthy,1
candles,1
fear,1
waited,1
activity,1
annoyed,1
withers,1
prescription,1
guffawed,1
inspection,1
crying,1
feast,1
pledge,1
recluse,1
hypocrite,1
pruning,1
hatchway,1
cunts,1
onions,1
apple's,1
sweetheart's,1
disturbed,1
answer,1
lined,1
workmanship,1
complaint,1
grave,1
solemn,1
spite,1
walked,1
deference,1
sheets,1
commands,1
minstrelsy,1
brothers,1
church's,1
aright,1
tears,1
friendship,1
board,1
pleased,1
aggravate,1
probity,1
bathe,1
laceration,1
chimed,1
abstain,1
flanks,1
muck,1
445,1
shred,1
trip,1
drank,1
nurture,1
currency,1
heat,1
frying,1
feeling,1
stole,1
either,1
pan,1
peas,1
hardly,1
10brother,1
potbellied,1
gay,1
salvation,1
binds,1
2,1
mum,1
debauched,1
sixty,1
band,1
proposed,1
clothed,1
tree,1
mere,1
sons,1
stiffer,1
compelled,1
hunchbacked,1
crier,1
loose,1
laugh,1
beginning,1
melodious,1
route,1
someplace,1
sown,1
crucifige,1
we'll,1
390,1
coarse,1
torn,1
favors,1
exercised,1
9,1
arguments,1
members,1
road,1
occasion,1
blue,1
becauseshe,1
suitor,1
writ,1
summer,1
directs,1
mercy,1
385,1
hung,1
bestow,1
implement,1
banquet,1
wonderful,1
nonsense,1
penetrated,1
jewelry,1
spread,1
understand,1
dug,1
throughout,1
plan,1
escaping,1
charge,1
profligates,1
urgently,1
assuming,1
cloaks,1
teach,1
sharpening,1
commanded,1
loosed,1
mattocks,1
per,1
gently,1
calling,1
gird,1
bayeux,1
370,1
bark,1
leisure,1
worm,1
launched,1
dapple,1
insanity,1
savior,1
become,1
dare,1
sharpened,1
topic,1
river,1
forthwith,1
planned,1
lambasted,1
irked,1
pleasance,1
345,1
contents,1
slyly,1
spell,1
zedoary,1
engraved,1
flowers,1
lured,1
martyrdom,1
clay,1
crouched,1
assistance,1
moving,1
perceive,1
damned,1
irate,1
withdraw,1
compare,1
helter,1
intimidated,1
begs,1
heavenly,1
merit,1
ingratiating,1
squats,1
self,1
congratulations,1
enters,1
heavyhearted,1
pleasant,1
threshers,1
405,1
lax,1
hats,1
bathtub,1
inquire,1
omitting,1
peasantry,1
280,1
genitalia,1
guillaume,1
push,1
340,1
present,1
marvel,1
robe,1
judaea,1
tips,1
unfamiliar,1
snare,1
wealthy,1
messing,1
whim,1
respite,1
therefore,1
formed,1
beast,1
crusty,1
cools,1
sex,1
hesitating,1
respect,1
hammers,1
posthaste,1
offered,1
built,1
nurse,1
scene,1
skelter,1
trembling,1
straits,1
feasted,1
purple,1
forget,1
fucks,1
senlis,1
manner,1
loss,1
inheritance,1
pieces,1
memory,1
rejoinder,1
based,1
farms,1
hate,1
kin,1
comply,1
intended,1
loves,1
above,1
nature,1
douai,1
estate,1
direction,1
conduct,1
intelligent,1
pretext,1
tirelessly,1
wondrous,1
gaming,1
shillings,1
cases,1
poured,1
minstrels,1
consider,1
shrieks,1
cord,1
furrow,1
assemble,1
lock,1
doing,1
dawdle,1
clad,1
peace,1
trough,1
omission,1
woven,1
window,1
generously,1
grief,1
certain,1
hanged,1
follow,1
dinner's,1
finalize,1
adzes,1
demand,1
antichrist,1
backwards,1
searched,1
met,1
relent,1
unobtrusively,1
3,1
cruelly,1
piercing,1
comely,1
offers,1
elated,1
intent,1
conceal,1
shock,1
streets,1
fallen,1
speedily,1
stores,1
thirty,1
baked,1
half,1
hearth,1
hall,1
6,1
alms,1
refrain,1
gray,1
tongue,1
mistresses,1
eaten,1
amiss,1
unquiet,1
chosen,1
anjou,1
permit,1
fists,1
damsel,1
contented,1
measure,1
game,1
return,1
prolong,1
defied,1
office,1
gentle,1
endowed,1
dwelt,1
behavior's,1
job,1
filles,1
sifted,1
besides,1
yearning,1
brush,1
harlotry,1
alone,1
pronounce,1
backs,1
cinnamon,1
415,1
feigning,1
few,1
treasure,1
preaching,1
proverb,1
pretense,1
idea,1
cast,1
member,1
accordance,1
naked,1
fac,1
furs,1
acts,1
draft,1
conceive,1
treasured,1
perfect,1
concealed,1
pages,1
preoccupied,1
ma'am,1
spoken,1
wraps,1
cavort,1
lies,1
prepare,1
wherever,1
stopped,1
altogether,1
touches,1
loons,1
pledges,1
peppered,1
seemly,1
pridefulness,1
bought,1
tear,1
daunted,1
caused,1
chaste,1
taper,1
die,1
guard,1
aid,1
ginger,1
coustenz,1
doomsday,1
account,1
fend,1
souls',1
taste,1
rents,1
friday,1
wore,1
dearly,1
luck,1
land,1
forgot,1
flour,1
stairs,1
search,1
incline,1
actions,1
chin,1
leave—,1
fancied,1
keys,1
tool,1
incomplete,1
sorrowful,1
strict,1
marians,1
him—you,1
advise,1
wrongfully,1
modestly,1
wind,1
tried,1
handle,1
selection,1
355,1
assured,1
ardres,1
harness,1
tied,1
citterns,1
mistress,1
bowels,1
unclothed,1
stories,1
unbinds,1
whetting,1
'd,1
rascal,1
facedown,1
brothel,1
gibbet,1
drawn,1
cunning,1
foisted,1
labors,1
bother,1
leggings,1
related,1
chair,1
beds,1
stays,1
terrified,1
won,1
wink,1
tabors,1
finis,1
trenchant,1
coffers,1
squatted,1
benefice,1
made—,1
suckle,1
shady,1
sees,1
opened,1
scorned,1
mightily,1
exclaims,1
neighbor,1
berula,1
grate,1
